-- MySQL dump 10.13  Distrib 5.7.22, for Win64 (x86_64)
--
-- Host: 127.0.0.1    Database: auth
-- ------------------------------------------------------
-- Server version	5.7.22

/*!40101 SET @OLD_CHARACTER_SET_CLIENT=@@CHARACTER_SET_CLIENT */;
/*!40101 SET @OLD_CHARACTER_SET_RESULTS=@@CHARACTER_SET_RESULTS */;
/*!40101 SET @OLD_COLLATION_CONNECTION=@@COLLATION_CONNECTION */;
/*!40101 SET NAMES utf8 */;
/*!40103 SET @OLD_TIME_ZONE=@@TIME_ZONE */;
/*!40103 SET TIME_ZONE='+00:00' */;
/*!40014 SET @OLD_UNIQUE_CHECKS=@@UNIQUE_CHECKS, UNIQUE_CHECKS=0 */;
/*!40014 SET @OLD_FOREIGN_KEY_CHECKS=@@FOREIGN_KEY_CHECKS, FOREIGN_KEY_CHECKS=0 */;
/*!40101 SET @OLD_SQL_MODE=@@SQL_MODE, SQL_MODE='NO_AUTO_VALUE_ON_ZERO' */;
/*!40111 SET @OLD_SQL_NOTES=@@SQL_NOTES, SQL_NOTES=0 */;

--
-- Table structure for table `authority`
--

DROP TABLE IF EXISTS `authority`;
/*!40101 SET @saved_cs_client     = @@character_set_client */;
/*!40101 SET character_set_client = utf8 */;
CREATE TABLE `authority` (
  `id` varchar(50) NOT NULL COMMENT '权限id',
  `plat_id` varchar(50) DEFAULT NULL COMMENT '所属平台',
  `name` varchar(200) NOT NULL COMMENT '权限名称',
  `description` varchar(500) DEFAULT NULL COMMENT '权限描述',
  `create_time` datetime DEFAULT CURRENT_TIMESTAMP COMMENT '创建时间',
  `update_time` datetime DEFAULT NULL COMMENT '修改时间',
  `sort_number` smallint(6) DEFAULT NULL COMMENT '排序字段',
  PRIMARY KEY (`id`),
  KEY `IXFK_authority_plat` (`plat_id`),
  CONSTRAINT `FK_authority_plat` FOREIGN KEY (`plat_id`) REFERENCES `plat` (`id`) ON DELETE NO ACTION ON UPDATE NO ACTION
) ENGINE=InnoDB DEFAULT CHARSET=utf8 COMMENT='权限表';
/*!40101 SET character_set_client = @saved_cs_client */;

--
-- Dumping data for table `authority`
--

LOCK TABLES `authority` WRITE;
/*!40000 ALTER TABLE `authority` DISABLE KEYS */;
INSERT INTO `authority` VALUES ('1','5bcae4a6036f43709877191f3bcb4283','权限系统权限','权限系统权限','2018-09-02 14:49:29','2018-11-14 13:45:02',1),('1eccecf88d304aa3a93b329efca4ba4b','5bcae4a6036f43709877191f3bcb4283','222222222','222222222','2018-10-03 19:11:14','2018-11-14 13:44:39',10),('29e9d7a46f8b46e3b7bbf9c41612dd85','5bcae4a6036f43709877191f3bcb4283','测试多个权限','测试多个权限','2018-10-04 10:14:10','2018-10-04 10:14:10',10),('685aae4af6f34606a5c826b19f18d25e','c6124b229ba04562b79e96eec43f3a59','测试权限','测试权限','2018-10-03 14:59:59','2018-10-03 14:59:59',10),('8d8d3fc89b6443eb83eb01d3581e72e1','5bcae4a6036f43709877191f3bcb4283','权限系统超级权限','权限系统超级权限','2019-07-25 19:33:29','2019-07-25 19:33:29',10);
/*!40000 ALTER TABLE `authority` ENABLE KEYS */;
UNLOCK TABLES;

--
-- Table structure for table `authority_menu`
--

DROP TABLE IF EXISTS `authority_menu`;
/*!40101 SET @saved_cs_client     = @@character_set_client */;
/*!40101 SET character_set_client = utf8 */;
CREATE TABLE `authority_menu` (
  `authority_id` varchar(50) DEFAULT NULL COMMENT '权限id',
  `menu_id` varchar(50) DEFAULT NULL COMMENT '菜单id',
  KEY `IXFK_authority_menu_authority` (`authority_id`),
  KEY `IXFK_authority_menu_menu` (`menu_id`),
  CONSTRAINT `FK_authority_menu_authority` FOREIGN KEY (`authority_id`) REFERENCES `authority` (`id`) ON DELETE NO ACTION ON UPDATE NO ACTION,
  CONSTRAINT `FK_authority_menu_menu` FOREIGN KEY (`menu_id`) REFERENCES `menu` (`id`) ON DELETE NO ACTION ON UPDATE NO ACTION
) ENGINE=InnoDB DEFAULT CHARSET=utf8 COMMENT='权限菜单表';
/*!40101 SET character_set_client = @saved_cs_client */;

--
-- Dumping data for table `authority_menu`
--

LOCK TABLES `authority_menu` WRITE;
/*!40000 ALTER TABLE `authority_menu` DISABLE KEYS */;
INSERT INTO `authority_menu` VALUES ('1','bf84046c25684852afcb95c3c6d1dfcf'),('1','9d5ad958ab9143fa8de76fb3391c7839'),('1','e36e59ddaebc4f8fbf277d46aeeed3bc'),('1','feff45e8254840588ac9802bca9509b9'),('1','0630939b345645349e58dda5bc591756'),('1','7c37e4695392493397ea708fd83e3ffb'),('1','53b564e38c244aa5a004487b4c9cb7fa'),('1','b7ccd70bde18437eb5babf71b18f0a9f'),('1','a1d06d13339443a380f72717c349e35f'),('1','18f5a38372d2418bab2aa2e14f126a17'),('1','d4522d64580645eaa04f412fa1883105'),('1','469e3635a2ba462083da97a1fa8efb81'),('1','4ac97afeee0c403fb4740aa52b8bdd6a'),('1','0c5ab9cc4d5f4d9d8d688dacf8ec9b68'),('1','866a3b08911140faad7aa0cf70b91d57'),('1','c944aeacf6104bf5a57e41e8e033f83e'),('1','14b83e344db1470badb08b4d6c19842d'),('1','3d6209c96948489cbe788956eeddf22a'),('1','e75d729dc4514eef80164a4fca1bbf13'),('1','d4ea43ed06c549119f543d05fed15b0a'),('1','735aaeb4fd9d4357aa7c00516d8494fb'),('8d8d3fc89b6443eb83eb01d3581e72e1','bf84046c25684852afcb95c3c6d1dfcf'),('8d8d3fc89b6443eb83eb01d3581e72e1','9d5ad958ab9143fa8de76fb3391c7839'),('8d8d3fc89b6443eb83eb01d3581e72e1','e36e59ddaebc4f8fbf277d46aeeed3bc'),('8d8d3fc89b6443eb83eb01d3581e72e1','feff45e8254840588ac9802bca9509b9'),('8d8d3fc89b6443eb83eb01d3581e72e1','0630939b345645349e58dda5bc591756'),('8d8d3fc89b6443eb83eb01d3581e72e1','7c37e4695392493397ea708fd83e3ffb'),('8d8d3fc89b6443eb83eb01d3581e72e1','53b564e38c244aa5a004487b4c9cb7fa'),('8d8d3fc89b6443eb83eb01d3581e72e1','b7ccd70bde18437eb5babf71b18f0a9f'),('8d8d3fc89b6443eb83eb01d3581e72e1','a1d06d13339443a380f72717c349e35f'),('8d8d3fc89b6443eb83eb01d3581e72e1','18f5a38372d2418bab2aa2e14f126a17'),('8d8d3fc89b6443eb83eb01d3581e72e1','d4522d64580645eaa04f412fa1883105'),('8d8d3fc89b6443eb83eb01d3581e72e1','469e3635a2ba462083da97a1fa8efb81'),('8d8d3fc89b6443eb83eb01d3581e72e1','4ac97afeee0c403fb4740aa52b8bdd6a'),('8d8d3fc89b6443eb83eb01d3581e72e1','0c5ab9cc4d5f4d9d8d688dacf8ec9b68'),('8d8d3fc89b6443eb83eb01d3581e72e1','866a3b08911140faad7aa0cf70b91d57'),('8d8d3fc89b6443eb83eb01d3581e72e1','c944aeacf6104bf5a57e41e8e033f83e'),('8d8d3fc89b6443eb83eb01d3581e72e1','14b83e344db1470badb08b4d6c19842d'),('8d8d3fc89b6443eb83eb01d3581e72e1','3d6209c96948489cbe788956eeddf22a'),('8d8d3fc89b6443eb83eb01d3581e72e1','e75d729dc4514eef80164a4fca1bbf13'),('8d8d3fc89b6443eb83eb01d3581e72e1','d4ea43ed06c549119f543d05fed15b0a'),('8d8d3fc89b6443eb83eb01d3581e72e1','735aaeb4fd9d4357aa7c00516d8494fb');
/*!40000 ALTER TABLE `authority_menu` ENABLE KEYS */;
UNLOCK TABLES;

--
-- Table structure for table `authority_operation`
--

DROP TABLE IF EXISTS `authority_operation`;
/*!40101 SET @saved_cs_client     = @@character_set_client */;
/*!40101 SET character_set_client = utf8 */;
CREATE TABLE `authority_operation` (
  `authority_id` varchar(50) DEFAULT NULL COMMENT '权限id',
  `operation_id` varchar(50) DEFAULT NULL COMMENT '操作id',
  UNIQUE KEY `uni_authority_operation_id` (`authority_id`,`operation_id`),
  KEY `IXFK_authority_operation_authority` (`authority_id`),
  KEY `IXFK_authority_operation_operation` (`operation_id`),
  CONSTRAINT `FK_authority_operation_authority` FOREIGN KEY (`authority_id`) REFERENCES `authority` (`id`) ON DELETE NO ACTION ON UPDATE NO ACTION,
  CONSTRAINT `FK_authority_operation_operation` FOREIGN KEY (`operation_id`) REFERENCES `operation` (`id`) ON DELETE NO ACTION ON UPDATE NO ACTION
) ENGINE=InnoDB DEFAULT CHARSET=utf8 COMMENT='权限操作表';
/*!40101 SET character_set_client = @saved_cs_client */;

--
-- Dumping data for table `authority_operation`
--

LOCK TABLES `authority_operation` WRITE;
/*!40000 ALTER TABLE `authority_operation` DISABLE KEYS */;
INSERT INTO `authority_operation` VALUES ('1','02653f238e80485f9cf21a13b2ec576b'),('1','04b04c92d1c949719348677d8c820382'),('1','069664a094d74be0bcf17da1b4babc24'),('1','0752fd9a455b4789a408616efa4eb561'),('1','09928098cf4d4fbe89389dd5ea5a7658'),('1','0a75baf5f18d41ccb1ad613301e3ff8e'),('1','0b2f0a19d109424e87877fe3b0bdd260'),('1','0fb2d855c06c4b4abdbf0fb77c454910'),('1','173e2bf700844bc3a147f40b1313e4fc'),('1','179334afc02c481ab95d496f9af51f1b'),('1','1954e9868cb04f5baa8e5a16dac0820c'),('1','2f34148e458a45ed920ce5b869806fcd'),('1','350ce7ba50434f3db3be3b50634b5aa1'),('1','35d2ef72ea0542e78101a1ce9ffe658a'),('1','3c06beba7e1c4329b7baebae1102b5df'),('1','442dc45016dd40e395e4374d6260c596'),('1','45f0a6a8e1634eb785f635e3ffcc4e40'),('1','46bc6eef1d374de1ad8f75ffbc739512'),('1','4951c0436d794ea2adf038226e3f8024'),('1','4c450aa8acf548cdac8c5fc8b4f8445f'),('1','4e5ad45c27f24c038d8753c42734068f'),('1','50322106b39349498a4877c64fed5e55'),('1','5148bca16fc44e4caa4c7708aa799975'),('1','5707571ae258420594adb225ad75455e'),('1','6f818762568e4a9f8dda6e8fccbb3eed'),('1','6f837b80784540c58dbae85709818630'),('1','72b7933ff56949a883a859c3c2303caa'),('1','7799b72ce0464645acf14624335e9799'),('1','7d890484af724a8386dca20d3877df11'),('1','7f561b450d8b481880898cf5c9dcbc05'),('1','8092054c4c5c482c80a913acd3107cff'),('1','83f5f14c8e9744299182aaf82196212c'),('1','8522d88bb2eb482cb53bfd6c5b7a320c'),('1','85d0241f3428437d875a314ca43307ae'),('1','8607815b98c64ab9bf52f907f61e646c'),('1','865b9d9fab994f99a9455d3b68f78a6c'),('1','86c8ef88f6f14f48997655304576d07e'),('1','8e5515ca2b014a6090af0a26ad18e175'),('1','8ec0f63133f448a1b1943a8d3f00f854'),('1','9277765474594b1a9b9dc55bc55ed89a'),('1','9390aefb5c1e45c39f78ad2dbeae4f4e'),('1','9c526a8fc8c94920a3858a78c2494ac3'),('1','a05d026e28584fd89f60531153f5ef4e'),('1','a0f45b70e0e449a29d84c27830dd31c7'),('1','abb41466a3e843f0a5cffb798bda4819'),('1','b36887dbb498464db3f3cb0c9fa6e268'),('1','b9335765d2ee47ddb6cd8551cb5bd8ad'),('1','bf9bcff3a5a94c28a654daa1cc690099'),('1','caa7ceb6c27b4e85b15414dafd17b0ec'),('1','cca409f785284ff2829a7be3ed9c843e'),('1','cdbc4cd3527c4e98832825e218bd7296'),('1','cfee656c7fcb4e4383bb1c21e20d144c'),('1','d6f25958f41a4663b97d96c2b11300c2'),('1','da64e3e73e814aa7b0e37cf524724a3d'),('1','dd2c44dce56e401c807372811d2c7a8b'),('1','e3556c7f88754cb48f4a4b65e62ade08'),('1','e7aff86e78064d5e8fff4c16804c12f8'),('1','e822cfde9d08499387099234c8b9e0ce'),('1','e8f7ea6e00014f89af26dbfa582b2735'),('1','f14c8b8b2bad401586522d3b5015f1e9'),('1','f3c808cd7c494117aad134a64302b8b3'),('1','f814b0f309d84fb3832b20c7e1b61d30'),('1','f994a5734927425ba5aab8f82d8cf963'),('1','fa33113c0a4d46d9a61a724899339c05'),('8d8d3fc89b6443eb83eb01d3581e72e1','02653f238e80485f9cf21a13b2ec576b'),('8d8d3fc89b6443eb83eb01d3581e72e1','04b04c92d1c949719348677d8c820382'),('8d8d3fc89b6443eb83eb01d3581e72e1','069664a094d74be0bcf17da1b4babc24'),('8d8d3fc89b6443eb83eb01d3581e72e1','0752fd9a455b4789a408616efa4eb561'),('8d8d3fc89b6443eb83eb01d3581e72e1','09928098cf4d4fbe89389dd5ea5a7658'),('8d8d3fc89b6443eb83eb01d3581e72e1','0a75baf5f18d41ccb1ad613301e3ff8e'),('8d8d3fc89b6443eb83eb01d3581e72e1','0b2f0a19d109424e87877fe3b0bdd260'),('8d8d3fc89b6443eb83eb01d3581e72e1','0fb2d855c06c4b4abdbf0fb77c454910'),('8d8d3fc89b6443eb83eb01d3581e72e1','173e2bf700844bc3a147f40b1313e4fc'),('8d8d3fc89b6443eb83eb01d3581e72e1','179334afc02c481ab95d496f9af51f1b'),('8d8d3fc89b6443eb83eb01d3581e72e1','1954e9868cb04f5baa8e5a16dac0820c'),('8d8d3fc89b6443eb83eb01d3581e72e1','2f34148e458a45ed920ce5b869806fcd'),('8d8d3fc89b6443eb83eb01d3581e72e1','350ce7ba50434f3db3be3b50634b5aa1'),('8d8d3fc89b6443eb83eb01d3581e72e1','35d2ef72ea0542e78101a1ce9ffe658a'),('8d8d3fc89b6443eb83eb01d3581e72e1','3c06beba7e1c4329b7baebae1102b5df'),('8d8d3fc89b6443eb83eb01d3581e72e1','442dc45016dd40e395e4374d6260c596'),('8d8d3fc89b6443eb83eb01d3581e72e1','45f0a6a8e1634eb785f635e3ffcc4e40'),('8d8d3fc89b6443eb83eb01d3581e72e1','46bc6eef1d374de1ad8f75ffbc739512'),('8d8d3fc89b6443eb83eb01d3581e72e1','4951c0436d794ea2adf038226e3f8024'),('8d8d3fc89b6443eb83eb01d3581e72e1','4c450aa8acf548cdac8c5fc8b4f8445f'),('8d8d3fc89b6443eb83eb01d3581e72e1','4e5ad45c27f24c038d8753c42734068f'),('8d8d3fc89b6443eb83eb01d3581e72e1','50322106b39349498a4877c64fed5e55'),('8d8d3fc89b6443eb83eb01d3581e72e1','5148bca16fc44e4caa4c7708aa799975'),('8d8d3fc89b6443eb83eb01d3581e72e1','5707571ae258420594adb225ad75455e'),('8d8d3fc89b6443eb83eb01d3581e72e1','6f818762568e4a9f8dda6e8fccbb3eed'),('8d8d3fc89b6443eb83eb01d3581e72e1','6f837b80784540c58dbae85709818630'),('8d8d3fc89b6443eb83eb01d3581e72e1','72b7933ff56949a883a859c3c2303caa'),('8d8d3fc89b6443eb83eb01d3581e72e1','7799b72ce0464645acf14624335e9799'),('8d8d3fc89b6443eb83eb01d3581e72e1','7d890484af724a8386dca20d3877df11'),('8d8d3fc89b6443eb83eb01d3581e72e1','7f561b450d8b481880898cf5c9dcbc05'),('8d8d3fc89b6443eb83eb01d3581e72e1','8092054c4c5c482c80a913acd3107cff'),('8d8d3fc89b6443eb83eb01d3581e72e1','83f5f14c8e9744299182aaf82196212c'),('8d8d3fc89b6443eb83eb01d3581e72e1','8522d88bb2eb482cb53bfd6c5b7a320c'),('8d8d3fc89b6443eb83eb01d3581e72e1','85d0241f3428437d875a314ca43307ae'),('8d8d3fc89b6443eb83eb01d3581e72e1','8607815b98c64ab9bf52f907f61e646c'),('8d8d3fc89b6443eb83eb01d3581e72e1','865b9d9fab994f99a9455d3b68f78a6c'),('8d8d3fc89b6443eb83eb01d3581e72e1','86c8ef88f6f14f48997655304576d07e'),('8d8d3fc89b6443eb83eb01d3581e72e1','8e5515ca2b014a6090af0a26ad18e175'),('8d8d3fc89b6443eb83eb01d3581e72e1','8ec0f63133f448a1b1943a8d3f00f854'),('8d8d3fc89b6443eb83eb01d3581e72e1','9277765474594b1a9b9dc55bc55ed89a'),('8d8d3fc89b6443eb83eb01d3581e72e1','9390aefb5c1e45c39f78ad2dbeae4f4e'),('8d8d3fc89b6443eb83eb01d3581e72e1','9c526a8fc8c94920a3858a78c2494ac3'),('8d8d3fc89b6443eb83eb01d3581e72e1','a05d026e28584fd89f60531153f5ef4e'),('8d8d3fc89b6443eb83eb01d3581e72e1','a0f45b70e0e449a29d84c27830dd31c7'),('8d8d3fc89b6443eb83eb01d3581e72e1','abb41466a3e843f0a5cffb798bda4819'),('8d8d3fc89b6443eb83eb01d3581e72e1','b36887dbb498464db3f3cb0c9fa6e268'),('8d8d3fc89b6443eb83eb01d3581e72e1','b9335765d2ee47ddb6cd8551cb5bd8ad'),('8d8d3fc89b6443eb83eb01d3581e72e1','bf9bcff3a5a94c28a654daa1cc690099'),('8d8d3fc89b6443eb83eb01d3581e72e1','caa7ceb6c27b4e85b15414dafd17b0ec'),('8d8d3fc89b6443eb83eb01d3581e72e1','cca409f785284ff2829a7be3ed9c843e'),('8d8d3fc89b6443eb83eb01d3581e72e1','cdbc4cd3527c4e98832825e218bd7296'),('8d8d3fc89b6443eb83eb01d3581e72e1','cfee656c7fcb4e4383bb1c21e20d144c'),('8d8d3fc89b6443eb83eb01d3581e72e1','d6f25958f41a4663b97d96c2b11300c2'),('8d8d3fc89b6443eb83eb01d3581e72e1','da64e3e73e814aa7b0e37cf524724a3d'),('8d8d3fc89b6443eb83eb01d3581e72e1','dd2c44dce56e401c807372811d2c7a8b'),('8d8d3fc89b6443eb83eb01d3581e72e1','e3556c7f88754cb48f4a4b65e62ade08'),('8d8d3fc89b6443eb83eb01d3581e72e1','e7aff86e78064d5e8fff4c16804c12f8'),('8d8d3fc89b6443eb83eb01d3581e72e1','e822cfde9d08499387099234c8b9e0ce'),('8d8d3fc89b6443eb83eb01d3581e72e1','e8f7ea6e00014f89af26dbfa582b2735'),('8d8d3fc89b6443eb83eb01d3581e72e1','f14c8b8b2bad401586522d3b5015f1e9'),('8d8d3fc89b6443eb83eb01d3581e72e1','f3c808cd7c494117aad134a64302b8b3'),('8d8d3fc89b6443eb83eb01d3581e72e1','f814b0f309d84fb3832b20c7e1b61d30'),('8d8d3fc89b6443eb83eb01d3581e72e1','f994a5734927425ba5aab8f82d8cf963'),('8d8d3fc89b6443eb83eb01d3581e72e1','fa33113c0a4d46d9a61a724899339c05');
/*!40000 ALTER TABLE `authority_operation` ENABLE KEYS */;
UNLOCK TABLES;

--
-- Table structure for table `cont_association`
--

DROP TABLE IF EXISTS `cont_association`;
/*!40101 SET @saved_cs_client     = @@character_set_client */;
/*!40101 SET character_set_client = utf8 */;
CREATE TABLE `cont_association` (
  `id` varchar(50) NOT NULL,
  `source_id` varchar(50) DEFAULT NULL COMMENT '资源id',
  `association_id` varchar(50) DEFAULT NULL COMMENT '与资源相关联的id',
  `source_type` varchar(50) DEFAULT NULL COMMENT '资源类型（1：资讯，2：视频），todo:优化读取数据字典',
  `sort_number` smallint(6) DEFAULT NULL COMMENT '排序字段',
  `create_time` datetime DEFAULT NULL,
  `update_time` datetime DEFAULT NULL,
  PRIMARY KEY (`id`)
) ENGINE=InnoDB DEFAULT CHARSET=utf8 COMMENT='内容关联关系表';
/*!40101 SET character_set_client = @saved_cs_client */;

--
-- Dumping data for table `cont_association`
--

LOCK TABLES `cont_association` WRITE;
/*!40000 ALTER TABLE `cont_association` DISABLE KEYS */;
INSERT INTO `cont_association` VALUES ('21ef3fa3f38b497dbc19fc3c21b0633e','61e24a8e9b86446098b6fe0d4400e97e','b2d7e8753be04e718afdefa81b19bb94','INFORMATION',1,'2019-07-29 01:52:57','2019-07-29 01:52:57'),('2f733a8f496d46fa87dd566e01e446b3','61e24a8e9b86446098b6fe0d4400e97e','bf4c11dddfd9483e99b97a3c91391bdb','LABEL',3,'2019-07-29 01:52:57','2019-07-29 01:52:57'),('40bd1afbda5640fba1023f0a389f4e82','f84dbe39f9de4be6a3fcb1420e33caaf','9dddff48bc074b20bdd660de6542b9d0','LABEL',4,'2019-07-29 01:53:41','2019-07-29 01:53:41'),('44fbf24a90234bf68d1c596527815e04','61e24a8e9b86446098b6fe0d4400e97e','458c59844ca547be9041bc1f26746104','LABEL',2,'2019-07-29 01:52:57','2019-07-29 01:52:57'),('67a8b73b08ec48ab84f24e8b06ed249d','61e24a8e9b86446098b6fe0d4400e97e','f5480e39cb624ac9826b142e8bc5ec58','LABEL',4,'2019-07-29 01:52:57','2019-07-29 01:52:57'),('71dd61e5f2d04678ae6467bed885673a','f84dbe39f9de4be6a3fcb1420e33caaf','9b1a83559c9740beb93e2e4873794280','LABEL',5,'2019-07-29 01:53:41','2019-07-29 01:53:41'),('7405a5dfa5c9424faf92d7d50b676bfb','f84dbe39f9de4be6a3fcb1420e33caaf','6d160dc26b6847d594e7f4e1b60247a8','LABEL',2,'2019-07-29 01:53:41','2019-07-29 01:53:41'),('811120c5c05244fba5553f98d9289a3c','61e24a8e9b86446098b6fe0d4400e97e','10aaf4a3b623463b9c8e2b4e803b7d37','LABEL',1,'2019-07-29 01:52:57','2019-07-29 01:52:57'),('87e81817bd124e84831ffec80c5be3ea','f84dbe39f9de4be6a3fcb1420e33caaf','f5480e39cb624ac9826b142e8bc5ec58','LABEL',3,'2019-07-29 01:53:41','2019-07-29 01:53:41'),('a1c598ec1f9e4837be0dd20855a9a298','f84dbe39f9de4be6a3fcb1420e33caaf','bf4c11dddfd9483e99b97a3c91391bdb','LABEL',1,'2019-07-29 01:53:41','2019-07-29 01:53:41'),('a478d9cc33454b62b4f4c28097b328f5','f84dbe39f9de4be6a3fcb1420e33caaf','0d36fc6d9c6f46c786a2e097ec5f321f','INFORMATION',1,'2019-07-29 01:53:41','2019-07-29 01:53:41'),('a7e79e987f8646c48c9ac1800066b666','61e24a8e9b86446098b6fe0d4400e97e','6d160dc26b6847d594e7f4e1b60247a8','LABEL',5,'2019-07-29 01:52:57','2019-07-29 01:52:57'),('bedb60544a624f939dd2cd9772563614','61e24a8e9b86446098b6fe0d4400e97e','d1fdf78657774144a7282d2c676c1bde','INFORMATION',2,'2019-07-29 01:52:57','2019-07-29 01:52:57'),('e7b164fe07b64e479a13f1e4b2b00afd','f84dbe39f9de4be6a3fcb1420e33caaf','3','INFORMATION',2,'2019-07-29 01:53:41','2019-07-29 01:53:41');
/*!40000 ALTER TABLE `cont_association` ENABLE KEYS */;
UNLOCK TABLES;

--
-- Table structure for table `cont_catalog`
--

DROP TABLE IF EXISTS `cont_catalog`;
/*!40101 SET @saved_cs_client     = @@character_set_client */;
/*!40101 SET character_set_client = utf8 */;
CREATE TABLE `cont_catalog` (
  `id` varchar(50) NOT NULL COMMENT '栏目id',
  `name` varchar(50) DEFAULT NULL COMMENT '栏目名称',
  `router` varchar(200) DEFAULT NULL COMMENT '路由地址（页面跳转地址）',
  `image` varchar(200) DEFAULT NULL COMMENT '栏目图片',
  `level` char(1) DEFAULT NULL COMMENT '叶子深度',
  `sort_number` smallint(6) DEFAULT NULL COMMENT '排序字段',
  `description` varchar(500) DEFAULT NULL COMMENT '描述',
  `is_show` char(1) DEFAULT NULL COMMENT '前端是否显示',
  `is_deleted` char(1) DEFAULT '0' COMMENT '是否删除（默认0：未删除）',
  `parent_id` varchar(50) DEFAULT NULL COMMENT '父栏目id',
  `create_time` datetime DEFAULT NULL,
  `update_time` datetime DEFAULT NULL,
  PRIMARY KEY (`id`),
  KEY `IXFK_cont_catalog_cont_catalog` (`parent_id`)
) ENGINE=InnoDB DEFAULT CHARSET=utf8 COMMENT='栏目';
/*!40101 SET character_set_client = @saved_cs_client */;

--
-- Dumping data for table `cont_catalog`
--

LOCK TABLES `cont_catalog` WRITE;
/*!40000 ALTER TABLE `cont_catalog` DISABLE KEYS */;
INSERT INTO `cont_catalog` VALUES ('0527c6c998874cdc8c9ce2be86cb1e40','号码交易',NULL,'',NULL,32,'默认栏目描述','1','0','2034515a43434d6f9a6dbd8970cf536a','2019-07-22 15:03:31','2019-07-22 15:05:14'),('1213da6f356c40adb697f85027cd55cf','交友信息',NULL,'',NULL,23,'默认栏目描述','1','0','2034515a43434d6f9a6dbd8970cf536a','2019-07-22 15:03:43','2019-07-22 15:04:38'),('156a08f4075b45dea3129495c311befb','求职信息',NULL,'','1',12,'2','1','0','2034515a43434d6f9a6dbd8970cf536a','2019-07-18 19:14:32','2019-07-22 15:02:15'),('2034515a43434d6f9a6dbd8970cf536a','根目录',NULL,NULL,'0',1,'根目录','1','0',NULL,'2019-07-18 09:44:31','2019-07-18 09:44:33'),('2bd551e5892b4b5bac78b5e44518936e','招商联盟',NULL,'',NULL,22,'默认栏目描述','1','0','2034515a43434d6f9a6dbd8970cf536a','2019-07-22 15:03:45','2019-07-22 15:04:25'),('64f82acf6ed142f697800777b2e41c03','店铺兑求',NULL,'',NULL,51,'默认栏目描述','1','0','2034515a43434d6f9a6dbd8970cf536a','2019-07-22 15:07:18','2019-07-22 15:07:37'),('789d8d16842d436a97823481b27198b5','教育培训',NULL,'',NULL,21,'默认栏目描述','1','0','2034515a43434d6f9a6dbd8970cf536a','2019-07-22 15:03:47','2019-07-22 15:04:13'),('792079313f554112a7a37602e26a70eb','活动召集',NULL,'',NULL,43,'默认栏目描述','1','0','2034515a43434d6f9a6dbd8970cf536a','2019-07-22 15:05:52','2019-07-22 15:06:34'),('80fddd35d76440f0862634a2ea34a20c','招聘信息',NULL,'','1',11,'2','1','0','2034515a43434d6f9a6dbd8970cf536a','2019-07-18 19:14:29','2019-07-22 15:01:53'),('82c6fc174b104c318c0d5ea6c978cb73','促销打折',NULL,'',NULL,42,'默认栏目描述','1','0','2034515a43434d6f9a6dbd8970cf536a','2019-07-22 15:05:54','2019-07-22 15:06:25'),('8f91288cef704d4a9ea76349881d44ea','寻人寻物',NULL,'',NULL,41,'默认栏目描述','1','0','2034515a43434d6f9a6dbd8970cf536a','2019-07-22 15:05:56','2019-07-22 15:06:09'),('9d4b5b7b1f924fa282e9771a02499255','站务管理',NULL,'',NULL,52,'默认栏目描述','1','0','2034515a43434d6f9a6dbd8970cf536a','2019-07-22 15:07:16','2019-07-22 15:07:49'),('a6ff16d7f65343d0bb25de70e3390030','房产供求',NULL,'',NULL,13,'默认栏目描述','1','0','2034515a43434d6f9a6dbd8970cf536a','2019-07-22 15:02:28','2019-07-22 15:02:43'),('bd79ab8e0b314f1c98688c2eb4e61dec','车辆交易',NULL,'',NULL,33,'默认栏目描述','1','0','2034515a43434d6f9a6dbd8970cf536a','2019-07-22 15:03:29','2019-07-22 15:05:25'),('ca099dd9124f4b78807d04dc8b5946a2','物品租售',NULL,'http://localhost:8088/images/59af920061ea4d37a9c2953b58a459b6.jpg',NULL,31,'默认栏目描述','1','0','2034515a43434d6f9a6dbd8970cf536a','2019-07-22 15:03:33','2019-07-24 15:10:13'),('ceb68efb41b74c6683c3b42b3c18e717','同城生活',NULL,'',NULL,34,'默认栏目描述','1','0','2034515a43434d6f9a6dbd8970cf536a','2019-07-22 15:03:26','2019-07-22 15:05:35'),('da490193f94e4cdc87d776d0dad657e1','有问有答',NULL,'',NULL,44,'默认栏目描述','1','0','2034515a43434d6f9a6dbd8970cf536a','2019-07-22 15:05:43','2019-07-22 15:06:43'),('db984e2ce86e4db1a0cceecbe88be3f0','时令特产',NULL,'',NULL,53,'默认栏目描述','1','0','2034515a43434d6f9a6dbd8970cf536a','2019-07-22 15:07:13','2019-07-22 15:07:58'),('f8eaab50f298453abf72c507ca37cb89','便民服务',NULL,'',NULL,14,'默认栏目描述','1','0','2034515a43434d6f9a6dbd8970cf536a','2019-07-22 15:02:57','2019-07-22 15:03:21'),('fd6f8b23e8cf43f0be325138d765dd40','征婚信息',NULL,'',NULL,24,'默认栏目描述','1','0','2034515a43434d6f9a6dbd8970cf536a','2019-07-22 15:03:35','2019-07-22 15:04:47');
/*!40000 ALTER TABLE `cont_catalog` ENABLE KEYS */;
UNLOCK TABLES;

--
-- Table structure for table `cont_information`
--

DROP TABLE IF EXISTS `cont_information`;
/*!40101 SET @saved_cs_client     = @@character_set_client */;
/*!40101 SET character_set_client = utf8 */;
CREATE TABLE `cont_information` (
  `id` varchar(50) NOT NULL,
  `catalog_id` varchar(50) DEFAULT NULL COMMENT '资讯所属栏目表',
  `title` varchar(100) DEFAULT NULL COMMENT '资讯标题',
  `cover_image` varchar(200) DEFAULT NULL COMMENT '资讯封面图片',
  `summary` varchar(500) DEFAULT NULL COMMENT '摘要',
  `content` mediumtext COMMENT '资讯内容 - 富文本（可以转移到 MongoDB 中，或者放到 redis 中，减少数据库查询压力）',
  `author` varchar(50) DEFAULT NULL COMMENT '作者',
  `source` varchar(50) DEFAULT NULL COMMENT '来源',
  `source_address` varchar(100) DEFAULT NULL COMMENT '来源地址',
  `top_level` smallint(6) DEFAULT NULL COMMENT '置顶级别',
  `top_end_time` datetime DEFAULT NULL COMMENT '置顶到期时间',
  `release_time` datetime DEFAULT NULL COMMENT '发布时间',
  `validity_end_time` datetime DEFAULT NULL COMMENT '有效期至',
  `publisher` varchar(50) DEFAULT NULL COMMENT '发布者',
  `click_amount` int(10) unsigned DEFAULT '0' COMMENT '点击量',
  `create_time` datetime DEFAULT NULL,
  `update_time` datetime DEFAULT NULL,
  `is_deleted` char(1) DEFAULT '0',
  PRIMARY KEY (`id`)
) ENGINE=InnoDB DEFAULT CHARSET=utf8 COMMENT='资讯表';
/*!40101 SET character_set_client = @saved_cs_client */;

--
-- Dumping data for table `cont_information`
--

LOCK TABLES `cont_information` WRITE;
/*!40000 ALTER TABLE `cont_information` DISABLE KEYS */;
INSERT INTO `cont_information` VALUES ('0c02e3edf4c0452f80ebec68f2f16e95','80fddd35d76440f0862634a2ea34a20c','333333222222','','','<p>333333</p>','333333','','',1,NULL,NULL,NULL,NULL,NULL,'2019-07-27 13:58:10','2019-07-27 14:01:47','0'),('0d36fc6d9c6f46c786a2e097ec5f321f','792079313f554112a7a37602e26a70eb','标题1','封面图片','摘要','<p>内容</p>','作者','来源','来源地址',1,'2019-07-01 14:37:22','2019-07-21 14:37:25','2019-07-21 14:37:27','发布者',1,'2019-07-23 21:42:45','2019-07-23 21:42:45','0'),('1','792079313f554112a7a37602e26a70eb','标题2','封面图片','摘要','内容','作者','来源','来源地址',1,'2019-07-01 14:37:22','2019-07-21 14:37:25','2019-07-21 14:37:27','发布者',1,'2019-07-21 14:37:32','2019-07-21 14:37:41','0'),('10','792079313f554112a7a37602e26a70eb','标题3','封面图片','摘要','内容','作者','来源','来源地址',1,'2019-07-01 14:37:22','2019-07-21 14:37:25','2019-07-21 14:37:27','发布者',1,'2019-07-21 14:37:32','2019-07-21 14:37:41','0'),('11','792079313f554112a7a37602e26a70eb','标题4','封面图片','摘要','内容','作者','来源','来源地址',1,'2019-07-01 14:37:22','2019-07-21 14:37:25','2019-07-21 14:37:27','发布者',1,'2019-07-21 14:37:32','2019-07-21 14:37:41','0'),('12','792079313f554112a7a37602e26a70eb','标题5','封面图片','摘要','内容','作者','来源','来源地址',1,'2019-07-01 14:37:22','2019-07-21 14:37:25','2019-07-21 14:37:27','发布者',1,'2019-07-21 14:37:32','2019-07-21 14:37:41','0'),('2','792079313f554112a7a37602e26a70eb','标题6','封面图片','摘要','内容','作者','来源','来源地址',1,'2019-07-01 14:37:22','2019-07-21 14:37:25','2019-07-21 14:37:27','发布者',1,'2019-07-21 14:37:32','2019-07-21 14:37:41','0'),('3','792079313f554112a7a37602e26a70eb','标题7','封面图片','摘要','内容','作者','来源','来源地址',1,'2019-07-01 14:37:22','2019-07-21 14:37:25','2019-07-21 14:37:27','发布者',1,'2019-07-21 14:37:32','2019-07-21 14:37:41','0'),('3a3f93fc43df45119e482c5ea3e5cb86','80fddd35d76440f0862634a2ea34a20c','标题8','封面图片','摘要','<p>3</p>','作者','来源','来源地址',1,'2019-07-23 13:07:54','2019-07-23 13:07:56','2019-07-23 13:07:58','发布者',1,'2019-07-23 21:43:43','2019-07-23 21:43:43','0'),('4','792079313f554112a7a37602e26a70eb','标题9','封面图片','摘要','内容','作者','来源','来源地址',1,'2019-07-01 14:37:22','2019-07-21 14:37:25','2019-07-21 14:37:27','发布者',1,'2019-07-21 14:37:32','2019-07-21 14:37:41','0'),('5','792079313f554112a7a37602e26a70eb','标题10','封面图片','摘要','内容','作者','来源','来源地址',1,'2019-07-01 14:37:22','2019-07-21 14:37:25','2019-07-21 14:37:27','发布者',1,'2019-07-21 14:37:32','2019-07-21 14:37:41','0'),('59f46079305748bbb013f31a1aa356e0','80fddd35d76440f0862634a2ea34a20c','照片标题','封面图片','摘要','<p>照片内容</p>','作者','来源','来源地址',1,'2019-07-23 13:07:54','2019-07-23 13:07:56','2019-07-23 13:07:58','发布者',1,'2019-07-23 21:44:37','2019-07-25 08:20:10','0'),('6','792079313f554112a7a37602e26a70eb','标题11','封面图片','摘要','内容','作者','来源','来源地址',1,'2019-07-01 14:37:22','2019-07-21 14:37:25','2019-07-21 14:37:27','发布者',1,'2019-07-21 14:37:32','2019-07-21 14:37:41','0'),('61e24a8e9b86446098b6fe0d4400e97e','80fddd35d76440f0862634a2ea34a20c','44','','','<p>edddddddddd</p>','44','','',1,NULL,NULL,NULL,NULL,NULL,'2019-07-27 14:29:33','2019-07-29 01:52:57','0'),('7','80fddd35d76440f0862634a2ea34a20c','标题12','封面图片','摘要','内容','作者','来源','来源地址',1,'2019-07-01 14:37:22','2019-07-20 14:37:25','2019-07-21 14:37:27','发布者',1,'2019-07-21 14:37:32','2019-07-21 14:37:41','0'),('8','80fddd35d76440f0862634a2ea34a20c','标题13','封面图片','摘要','内容','作者','来源','来源地址',1,'2019-07-01 14:37:22','2019-07-19 14:37:25','2019-07-21 14:37:27','发布者',1,'2019-07-21 14:37:32','2019-07-21 14:37:41','0'),('9','80fddd35d76440f0862634a2ea34a20c','标题15','封面图片','摘要','内容','作者','来源','来源地址',1,'2019-07-01 14:37:22','2019-07-16 14:37:25','2019-07-21 14:37:27','发布者',1,'2019-07-21 14:37:32','2019-07-21 14:37:41','0'),('aa6579cf5b97477ab2d3d420f3785d8c','a6ff16d7f65343d0bb25de70e3390030','标题16','http://localhost:8088/images/c4ae7abe05b245118c9b1e4b347c068f.jpg','摘要4','<p>4</p>','作者4','来源4','来源地址4',4,'2019-07-23 21:50:29','2019-07-23 21:50:31','2019-07-23 13:07:58','发布者',1,'2019-07-23 21:46:11','2019-07-24 16:37:04','0'),('b2d7e8753be04e718afdefa81b19bb94','80fddd35d76440f0862634a2ea34a20c','标题17','封面图片','摘要','<p>3</p>','作者','来源','来源地址',1,'2019-07-23 13:07:54','2019-07-23 13:07:56','2019-07-23 13:07:58','发布者',1,'2019-07-23 21:43:15','2019-07-23 21:43:15','0'),('d1fdf78657774144a7282d2c676c1bde','80fddd35d76440f0862634a2ea34a20c','标题18','封面图片','摘要','<h1>content</h1>','作者','来源','来源地址',1,'2019-07-23 13:07:54','2019-07-23 13:07:56','2019-07-23 13:07:58','发布者',1,'2019-07-22 19:47:19','2019-07-22 19:47:19','0'),('f84dbe39f9de4be6a3fcb1420e33caaf','80fddd35d76440f0862634a2ea34a20c','55','','','<p>55</p>','55','','',1,NULL,NULL,NULL,NULL,NULL,'2019-07-29 01:53:41','2019-07-29 01:53:41','0');
/*!40000 ALTER TABLE `cont_information` ENABLE KEYS */;
UNLOCK TABLES;

--
-- Table structure for table `cont_label`
--

DROP TABLE IF EXISTS `cont_label`;
/*!40101 SET @saved_cs_client     = @@character_set_client */;
/*!40101 SET character_set_client = utf8 */;
CREATE TABLE `cont_label` (
  `id` varchar(50) NOT NULL COMMENT '标签id',
  `name` varchar(50) DEFAULT NULL COMMENT '标签名称',
  `group_id` varchar(50) DEFAULT NULL COMMENT '所属标签组id',
  `sort_number` smallint(6) DEFAULT NULL,
  `is_deleted` char(1) DEFAULT '0' COMMENT '是否删除（默认 0 未删除）',
  `is_show` char(1) DEFAULT NULL COMMENT '是否显示（1，显示，0，不显示）\n',
  `create_time` datetime DEFAULT NULL,
  `update_time` datetime DEFAULT NULL,
  PRIMARY KEY (`id`),
  KEY `IXFK_cont_label_cont_label_group` (`group_id`)
) ENGINE=InnoDB DEFAULT CHARSET=utf8 COMMENT='标签';
/*!40101 SET character_set_client = @saved_cs_client */;

--
-- Dumping data for table `cont_label`
--

LOCK TABLES `cont_label` WRITE;
/*!40000 ALTER TABLE `cont_label` DISABLE KEYS */;
INSERT INTO `cont_label` VALUES ('10aaf4a3b623463b9c8e2b4e803b7d37','苹果','a4e721dd4cab4c4f9b8a734fc22c425a',1,'0','1','2019-07-28 22:50:47','2019-07-28 22:50:47'),('16c3148cdb3f4d8e957056ba6c827c29','10','13fa7a9d9787489693204a753b61aadb',1,'0','1','2019-07-28 22:53:44','2019-07-28 22:53:44'),('3a0e7ad89a5e49d8af1bb1e9c170ceed','8','13fa7a9d9787489693204a753b61aadb',1,'0','1','2019-07-28 22:53:44','2019-07-28 22:53:44'),('45796bfed72f4d6b84c1f32805ca272c','4','13fa7a9d9787489693204a753b61aadb',1,'0','1','2019-07-28 22:53:44','2019-07-28 22:53:44'),('458c59844ca547be9041bc1f26746104','茄子','a4e721dd4cab4c4f9b8a734fc22c425a',1,'0','1','2019-07-28 22:50:47','2019-07-28 22:50:47'),('6d160dc26b6847d594e7f4e1b60247a8','小红','fb7703d3e3eb4bea96b53dda519c8f80',1,'0','1','2019-07-28 22:40:25','2019-07-28 22:40:25'),('733022901daa400aab2ea2936be567b8','11','13fa7a9d9787489693204a753b61aadb',1,'0','1','2019-07-28 22:53:44','2019-07-28 22:53:44'),('7ae8ac89c95041ab8f1a899c1b475617','标签12','13fa7a9d9787489693204a753b61aadb',2,'0','1','2019-07-25 14:12:51','2019-07-26 09:08:44'),('8a6bfd103fd442a486fd21a81ca3cedd','黄瓜','a4e721dd4cab4c4f9b8a734fc22c425a',1,'0','1','2019-07-28 22:50:47','2019-07-28 22:50:47'),('9b1a83559c9740beb93e2e4873794280','12','13fa7a9d9787489693204a753b61aadb',1,'0','1','2019-07-28 22:53:44','2019-07-28 22:53:44'),('9dddff48bc074b20bdd660de6542b9d0','3','13fa7a9d9787489693204a753b61aadb',1,'0','1','2019-07-26 20:34:55','2019-07-26 20:34:55'),('ba0c56ea619b49d688a440d663401a0d','1','13fa7a9d9787489693204a753b61aadb',1,'0','1','2019-07-25 14:12:51','2019-07-26 16:11:46'),('bd11425d3fd74609b00043737a8a47b9','5','13fa7a9d9787489693204a753b61aadb',1,'0','1','2019-07-28 22:53:44','2019-07-28 22:53:44'),('bf4c11dddfd9483e99b97a3c91391bdb','小明','fb7703d3e3eb4bea96b53dda519c8f80',1,'0','1','2019-07-28 22:40:25','2019-07-28 22:40:25'),('c4e708b48cb3460eb5627e768a14e5a9','7','13fa7a9d9787489693204a753b61aadb',1,'0','1','2019-07-28 22:53:44','2019-07-28 22:53:44'),('c6704e6e62f24c4995ce0c20f7e57702','2','13fa7a9d9787489693204a753b61aadb',1,'0','1','2019-07-26 20:34:55','2019-07-26 20:34:55'),('cd454d78a22a424f92d58f42fd872e43','9','13fa7a9d9787489693204a753b61aadb',1,'0','1','2019-07-28 22:53:44','2019-07-28 22:53:44'),('cd9ec85fddc84c59ba43fd27201d26bb','葡萄','a4e721dd4cab4c4f9b8a734fc22c425a',1,'0','1','2019-07-28 22:52:28','2019-07-28 22:52:28'),('e84529aabe4642ec932c48844b687091','6','13fa7a9d9787489693204a753b61aadb',1,'0','1','2019-07-28 22:53:44','2019-07-28 22:53:44'),('f070cc8741a64b86a87a7af4fa787739','西红柿','a4e721dd4cab4c4f9b8a734fc22c425a',1,'0','1','2019-07-28 22:50:47','2019-07-28 22:50:47'),('f5480e39cb624ac9826b142e8bc5ec58','小张','fb7703d3e3eb4bea96b53dda519c8f80',1,'0','1','2019-07-28 22:40:25','2019-07-28 22:40:25');
/*!40000 ALTER TABLE `cont_label` ENABLE KEYS */;
UNLOCK TABLES;

--
-- Table structure for table `cont_label_group`
--

DROP TABLE IF EXISTS `cont_label_group`;
/*!40101 SET @saved_cs_client     = @@character_set_client */;
/*!40101 SET character_set_client = utf8 */;
CREATE TABLE `cont_label_group` (
  `id` varchar(50) NOT NULL COMMENT '标签组id',
  `name` varchar(100) DEFAULT NULL COMMENT '标签组名称',
  `sort_number` smallint(6) DEFAULT NULL COMMENT '排序字段',
  `description` varchar(500) DEFAULT NULL COMMENT '标签组描述',
  `is_deleted` char(1) DEFAULT '0' COMMENT '是否删除（默认未删除）',
  `is_show` char(1) DEFAULT NULL COMMENT '是否显示（1，显示，0，不显示）\n',
  `create_time` datetime DEFAULT NULL COMMENT '创建时间',
  `update_time` datetime DEFAULT NULL COMMENT '修改时间',
  PRIMARY KEY (`id`)
) ENGINE=InnoDB DEFAULT CHARSET=utf8 COMMENT='标签组';
/*!40101 SET character_set_client = @saved_cs_client */;

--
-- Dumping data for table `cont_label_group`
--

LOCK TABLES `cont_label_group` WRITE;
/*!40000 ALTER TABLE `cont_label_group` DISABLE KEYS */;
INSERT INTO `cont_label_group` VALUES ('13fa7a9d9787489693204a753b61aadb','标签组名称',1,'标签组描述','0','1','2019-07-25 06:52:35','2019-07-26 08:48:44'),('3a46996bef504ef297fe838a02ac633d','3',3,'3','1','1','2019-07-25 21:15:43','2019-07-25 22:32:40'),('a4e721dd4cab4c4f9b8a734fc22c425a','水果',1,'2','0','1','2019-07-25 21:14:53','2019-07-28 22:51:04'),('fb7703d3e3eb4bea96b53dda519c8f80','人物',1,'1','0','1','2019-07-25 21:33:11','2019-07-28 22:51:16');
/*!40000 ALTER TABLE `cont_label_group` ENABLE KEYS */;
UNLOCK TABLES;

--
-- Table structure for table `dictionary_item`
--

DROP TABLE IF EXISTS `dictionary_item`;
/*!40101 SET @saved_cs_client     = @@character_set_client */;
/*!40101 SET character_set_client = utf8 */;
CREATE TABLE `dictionary_item` (
  `id` varchar(50) NOT NULL COMMENT '数据项id',
  `name` varchar(50) DEFAULT NULL COMMENT '数据项名称',
  `code` varchar(50) DEFAULT NULL COMMENT '数据编码',
  `type_id` varchar(50) DEFAULT NULL COMMENT '数据类型id',
  `sort_number` smallint(6) DEFAULT NULL COMMENT '排序字段',
  `is_deleted` char(1) DEFAULT '0' COMMENT '是否删除',
  `is_show` char(1) DEFAULT '1' COMMENT '是否显示',
  `create_time` datetime DEFAULT CURRENT_TIMESTAMP COMMENT '创建时间',
  `update_time` datetime DEFAULT NULL COMMENT '修改时间',
  PRIMARY KEY (`id`),
  KEY `IXFK_dictionary_item_dictionary_type` (`type_id`),
  CONSTRAINT `FK_dictionary_item_dictionary_type` FOREIGN KEY (`type_id`) REFERENCES `dictionary_type` (`id`) ON DELETE NO ACTION ON UPDATE NO ACTION
) ENGINE=InnoDB DEFAULT CHARSET=utf8 COMMENT='数据字典项目';
/*!40101 SET character_set_client = @saved_cs_client */;

--
-- Dumping data for table `dictionary_item`
--

LOCK TABLES `dictionary_item` WRITE;
/*!40000 ALTER TABLE `dictionary_item` DISABLE KEYS */;
INSERT INTO `dictionary_item` VALUES ('0fc1c8de0d04436290207bfbedc5df2e','新增','ADD','fa4dbb6f9b9a4bc1a3ea3f51f3d9dbea',1,'0','1','2018-09-30 08:50:35','2018-10-05 07:00:37'),('13682edf59c04af5baf9661b41003a32','视频','VIDEO','90d6a912f15144d8b0184ff294d65986',11,'0','1','2019-07-26 20:53:51','2019-07-26 20:53:51'),('40138ae34ee841e19cee81fc60761901','资讯','INFORMATION','90d6a912f15144d8b0184ff294d65986',10,'0','1','2019-07-26 20:53:35','2019-07-26 20:53:35'),('45c262dc42ec467daabcccd3b61e663f','修改','UPDATE','fa4dbb6f9b9a4bc1a3ea3f51f3d9dbea',2,'0','1','2018-09-30 08:50:35','2018-10-05 07:00:43'),('6e3c964f26054b3cb3e3c1227aa261bc','删除','DELETE','fa4dbb6f9b9a4bc1a3ea3f51f3d9dbea',3,'0','1','2018-09-30 08:50:35',NULL),('77c69833c4b2487fbc4a24eb8e922d1a','查询','SELECT','fa4dbb6f9b9a4bc1a3ea3f51f3d9dbea',4,'0','1','2018-09-30 08:50:35',NULL),('85300c9a1ed84a12971372ce882db7a7','启停','STOP','fa4dbb6f9b9a4bc1a3ea3f51f3d9dbea',5,'0','1','2018-09-30 08:50:35',NULL),('baf55a736631486ba8db2a6cdc17eae4','设置','SET','fa4dbb6f9b9a4bc1a3ea3f51f3d9dbea',6,'0','1','2018-09-30 08:50:35',NULL),('f59d9abe768f456b87b5095feeaa5dd7','重置','RESET','fa4dbb6f9b9a4bc1a3ea3f51f3d9dbea',7,'0','1','2018-09-30 08:50:35',NULL),('f7ea3504fb094322ba28fbb88dc8999d','上传','UPLOAD','fa4dbb6f9b9a4bc1a3ea3f51f3d9dbea',8,'0','1','2018-09-30 08:50:35',NULL),('fade9f9e7b0341f4b3e7b28707ce6abe','下载','DOWNLOAD','fa4dbb6f9b9a4bc1a3ea3f51f3d9dbea',9,'0','1','2018-09-30 08:50:35',NULL);
/*!40000 ALTER TABLE `dictionary_item` ENABLE KEYS */;
UNLOCK TABLES;

--
-- Table structure for table `dictionary_type`
--

DROP TABLE IF EXISTS `dictionary_type`;
/*!40101 SET @saved_cs_client     = @@character_set_client */;
/*!40101 SET character_set_client = utf8 */;
CREATE TABLE `dictionary_type` (
  `id` varchar(50) NOT NULL COMMENT '编码类型id',
  `name` varchar(200) DEFAULT NULL COMMENT '编码类型说明',
  `code` varchar(50) DEFAULT NULL COMMENT '数据类型编码',
  `sort_number` smallint(6) DEFAULT NULL COMMENT '排序字段',
  `is_deleted` char(1) DEFAULT '0' COMMENT '是否删除（1：是，0：否）',
  `is_show` char(1) DEFAULT NULL,
  `create_time` datetime DEFAULT CURRENT_TIMESTAMP COMMENT '创建时间',
  `update_time` datetime DEFAULT NULL COMMENT '修改时间',
  PRIMARY KEY (`id`)
) ENGINE=InnoDB DEFAULT CHARSET=utf8 COMMENT='数据字典类型';
/*!40101 SET character_set_client = @saved_cs_client */;

--
-- Dumping data for table `dictionary_type`
--

LOCK TABLES `dictionary_type` WRITE;
/*!40000 ALTER TABLE `dictionary_type` DISABLE KEYS */;
INSERT INTO `dictionary_type` VALUES ('90d6a912f15144d8b0184ff294d65986','资源类型','resource_type',11,'0','1','2019-07-26 20:49:59','2019-07-26 20:49:59'),('a4700e741d274af789740a5b6c6a1a17','test','test',10,'0','1','2018-10-04 11:17:17','2018-10-04 11:20:52'),('df2f3796704c4bee9daa3c87e62b3386','啊啊啊','test1',10,'0','1','2018-10-04 11:23:54','2018-10-04 11:23:54'),('fa4dbb6f9b9a4bc1a3ea3f51f3d9dbea','操作类型','operation',12,'0','1','2018-09-30 08:47:41','2018-10-04 08:49:34');
/*!40000 ALTER TABLE `dictionary_type` ENABLE KEYS */;
UNLOCK TABLES;

--
-- Table structure for table `district`
--

DROP TABLE IF EXISTS `district`;
/*!40101 SET @saved_cs_client     = @@character_set_client */;
/*!40101 SET character_set_client = utf8 */;
CREATE TABLE `district` (
  `id` int(11) NOT NULL,
  `name` varchar(50) DEFAULT NULL,
  `parent_id` int(11) DEFAULT NULL,
  `level` char(1) DEFAULT NULL,
  PRIMARY KEY (`id`),
  KEY `IXFK_district_district` (`parent_id`),
  CONSTRAINT `FK_district_district` FOREIGN KEY (`parent_id`) REFERENCES `district` (`id`)
) ENGINE=InnoDB DEFAULT CHARSET=utf8 COMMENT='区域地址';
/*!40101 SET character_set_client = @saved_cs_client */;

--
-- Dumping data for table `district`
--

LOCK TABLES `district` WRITE;
/*!40000 ALTER TABLE `district` DISABLE KEYS */;
INSERT INTO `district` VALUES (110000,'北京市',NULL,'1'),(110100,'北京市',110000,'2'),(110101,'东城区',110100,'3'),(110102,'西城区',110100,'3'),(110103,'崇文区',110100,'3'),(110104,'宣武区',110100,'3'),(110105,'朝阳区',110100,'3'),(110106,'丰台区',110100,'3'),(110107,'石景山区',110100,'3'),(110108,'海淀区',110100,'3'),(110109,'门头沟区',110100,'3'),(110111,'房山区',110100,'3'),(110112,'通州区',110100,'3'),(110113,'顺义区',110100,'3'),(110114,'昌平区',110100,'3'),(110115,'大兴区',110100,'3'),(110116,'怀柔区',110100,'3'),(110117,'平谷区',110100,'3'),(110228,'密云区',110100,'3'),(110229,'延庆县',110100,'3'),(120000,'天津市',NULL,'1'),(120100,'天津市',120000,'2'),(120101,'东丽区',120100,'3'),(120102,'和平区',120100,'3'),(120103,'河北区',120100,'3'),(120104,'河东区',120100,'3'),(120105,'河西区',120100,'3'),(120106,'红桥区',120100,'3'),(120107,'蓟县',120100,'3'),(120108,'静海县',120100,'3'),(120109,'南开区',120100,'3'),(120110,'塘沽区',120100,'3'),(120111,'西青区',120100,'3'),(120112,'武清区',120100,'3'),(120113,'津南区',120100,'3'),(120114,'汉沽区',120100,'3'),(120115,'大港区',120100,'3'),(120116,'北辰区',120100,'3'),(120117,'宝坻区',120100,'3'),(120218,'宁河县',120100,'3'),(130000,'河北省',NULL,'1'),(130100,'石家庄市',130000,'2'),(130102,'长安区',130100,'3'),(130104,'桥西区',130100,'3'),(130105,'新华区',130100,'3'),(130107,'井陉矿区',130100,'3'),(130108,'裕华区',130100,'3'),(130109,'藁城区',130100,'3'),(130110,'鹿泉区',130100,'3'),(130111,'栾城区',130100,'3'),(130121,'井陉县',130100,'3'),(130123,'正定县',130100,'3'),(130125,'行唐县',130100,'3'),(130126,'灵寿县',130100,'3'),(130127,'高邑县',130100,'3'),(130128,'深泽县',130100,'3'),(130129,'赞皇县',130100,'3'),(130130,'无极县',130100,'3'),(130131,'平山县',130100,'3'),(130132,'元氏县',130100,'3'),(130133,'赵县',130100,'3'),(130181,'辛集市',130100,'3'),(130183,'晋州市',130100,'3'),(130184,'新乐市',130100,'3'),(130200,'唐山市',130000,'2'),(130202,'路南区',130200,'3'),(130203,'路北区',130200,'3'),(130204,'古冶区',130200,'3'),(130205,'开平区',130200,'3'),(130207,'丰南区',130200,'3'),(130208,'丰润区',130200,'3'),(130209,'曹妃甸区',130200,'3'),(130223,'滦县',130200,'3'),(130224,'滦南县',130200,'3'),(130225,'乐亭县',130200,'3'),(130227,'迁西县',130200,'3'),(130229,'玉田县',130200,'3'),(130281,'遵化市',130200,'3'),(130283,'迁安市',130200,'3'),(130300,'秦皇岛市',130000,'2'),(130302,'海港区',130300,'3'),(130303,'山海关区',130300,'3'),(130304,'北戴河区',130300,'3'),(130321,'青龙满族自治县',130300,'3'),(130322,'昌黎县',130300,'3'),(130323,'抚宁县',130300,'3'),(130324,'卢龙县',130300,'3'),(130400,'邯郸市',130000,'2'),(130402,'邯山区',130400,'3'),(130403,'丛台区',130400,'3'),(130404,'复兴区',130400,'3'),(130406,'峰峰矿区',130400,'3'),(130421,'邯郸县',130400,'3'),(130423,'临漳县',130400,'3'),(130424,'成安县',130400,'3'),(130425,'大名县',130400,'3'),(130426,'涉县',130400,'3'),(130427,'磁县',130400,'3'),(130428,'肥乡县',130400,'3'),(130429,'永年县',130400,'3'),(130430,'邱县',130400,'3'),(130431,'鸡泽县',130400,'3'),(130432,'广平县',130400,'3'),(130433,'馆陶县',130400,'3'),(130434,'魏县',130400,'3'),(130435,'曲周县',130400,'3'),(130481,'武安市',130400,'3'),(130500,'邢台市',130000,'2'),(130502,'桥东区',130500,'3'),(130503,'桥西区',130500,'3'),(130521,'邢台县',130500,'3'),(130522,'临城县',130500,'3'),(130523,'内丘县',130500,'3'),(130524,'柏乡县',130500,'3'),(130525,'隆尧县',130500,'3'),(130526,'任县',130500,'3'),(130527,'南和县',130500,'3'),(130528,'宁晋县',130500,'3'),(130529,'巨鹿县',130500,'3'),(130530,'新河县',130500,'3'),(130531,'广宗县',130500,'3'),(130532,'平乡县',130500,'3'),(130533,'威县',130500,'3'),(130534,'清河县',130500,'3'),(130535,'临西县',130500,'3'),(130581,'南宫市',130500,'3'),(130582,'沙河市',130500,'3'),(130600,'保定市',130000,'2'),(130602,'竞秀区',130600,'3'),(130603,'莲池区',130600,'3'),(130621,'满城区',130600,'3'),(130622,'清苑区',130600,'3'),(130623,'涞水县',130600,'3'),(130624,'阜平县',130600,'3'),(130625,'徐水区',130600,'3'),(130626,'定兴县',130600,'3'),(130627,'唐县',130600,'3'),(130628,'高阳县',130600,'3'),(130629,'容城县',130600,'3'),(130630,'涞源县',130600,'3'),(130631,'望都县',130600,'3'),(130632,'安新县',130600,'3'),(130633,'易县',130600,'3'),(130634,'曲阳县',130600,'3'),(130635,'蠡县',130600,'3'),(130636,'顺平县',130600,'3'),(130637,'博野县',130600,'3'),(130638,'雄县',130600,'3'),(130681,'涿州市',130600,'3'),(130682,'定州市',130600,'3'),(130683,'安国市',130600,'3'),(130684,'高碑店市',130600,'3'),(130700,'张家口市',130000,'2'),(130702,'桥东区',130700,'3'),(130703,'桥西区',130700,'3'),(130705,'宣化区',130700,'3'),(130706,'下花园区',130700,'3'),(130721,'宣化县',130700,'3'),(130722,'张北县',130700,'3'),(130723,'康保县',130700,'3'),(130724,'沽源县',130700,'3'),(130725,'尚义县',130700,'3'),(130726,'蔚县',130700,'3'),(130727,'阳原县',130700,'3'),(130728,'怀安县',130700,'3'),(130729,'万全县',130700,'3'),(130730,'怀来县',130700,'3'),(130731,'涿鹿县',130700,'3'),(130732,'赤城县',130700,'3'),(130733,'崇礼县',130700,'3'),(130800,'承德市',130000,'2'),(130802,'双桥区',130800,'3'),(130803,'双滦区',130800,'3'),(130804,'鹰手营子矿区',130800,'3'),(130821,'承德县',130800,'3'),(130822,'兴隆县',130800,'3'),(130823,'平泉县',130800,'3'),(130824,'滦平县',130800,'3'),(130825,'隆化县',130800,'3'),(130826,'丰宁满族自治县',130800,'3'),(130827,'宽城满族自治县',130800,'3'),(130828,'围场满族蒙古族自治县',130800,'3'),(130900,'沧州市',130000,'2'),(130902,'新华区',130900,'3'),(130903,'运河区',130900,'3'),(130921,'沧县',130900,'3'),(130922,'青县',130900,'3'),(130923,'东光县',130900,'3'),(130924,'海兴县',130900,'3'),(130925,'盐山县',130900,'3'),(130926,'肃宁县',130900,'3'),(130927,'南皮县',130900,'3'),(130928,'吴桥县',130900,'3'),(130929,'献县',130900,'3'),(130930,'孟村回族自治县',130900,'3'),(130981,'泊头市',130900,'3'),(130982,'任丘市',130900,'3'),(130983,'黄骅市',130900,'3'),(130984,'河间市',130900,'3'),(131000,'廊坊市',130000,'2'),(131002,'安次区',131000,'3'),(131003,'广阳区',131000,'3'),(131022,'固安县',131000,'3'),(131023,'永清县',131000,'3'),(131024,'香河县',131000,'3'),(131025,'大城县',131000,'3'),(131026,'文安县',131000,'3'),(131028,'大厂回族自治县',131000,'3'),(131081,'霸州市',131000,'3'),(131082,'三河市',131000,'3'),(131100,'衡水市',130000,'2'),(131102,'桃城区',131100,'3'),(131121,'枣强县',131100,'3'),(131122,'武邑县',131100,'3'),(131123,'武强县',131100,'3'),(131124,'饶阳县',131100,'3'),(131125,'安平县',131100,'3'),(131126,'故城县',131100,'3'),(131127,'景县',131100,'3'),(131128,'阜城县',131100,'3'),(131181,'冀州市',131100,'3'),(131182,'深州市',131100,'3'),(140000,'山西省',NULL,'1'),(140100,'太原市',140000,'2'),(140105,'小店区',140100,'3'),(140106,'迎泽区',140100,'3'),(140107,'杏花岭区',140100,'3'),(140108,'尖草坪区',140100,'3'),(140109,'万柏林区',140100,'3'),(140110,'晋源区',140100,'3'),(140121,'清徐县',140100,'3'),(140122,'阳曲县',140100,'3'),(140123,'娄烦县',140100,'3'),(140181,'古交市',140100,'3'),(140200,'大同市',140000,'2'),(140202,'城区',140200,'3'),(140203,'矿区',140200,'3'),(140211,'南郊区',140200,'3'),(140212,'新荣区',140200,'3'),(140221,'阳高县',140200,'3'),(140222,'天镇县',140200,'3'),(140223,'广灵县',140200,'3'),(140224,'灵丘县',140200,'3'),(140225,'浑源县',140200,'3'),(140226,'左云县',140200,'3'),(140227,'大同县',140200,'3'),(140300,'阳泉市',140000,'2'),(140302,'城区',140300,'3'),(140303,'矿区',140300,'3'),(140311,'郊区',140300,'3'),(140321,'平定县',140300,'3'),(140322,'盂县',140300,'3'),(140400,'长治市',140000,'2'),(140402,'城区',140400,'3'),(140411,'郊区',140400,'3'),(140421,'长治县',140400,'3'),(140423,'襄垣县',140400,'3'),(140424,'屯留县',140400,'3'),(140425,'平顺县',140400,'3'),(140426,'黎城县',140400,'3'),(140427,'壶关县',140400,'3'),(140428,'长子县',140400,'3'),(140429,'武乡县',140400,'3'),(140430,'沁县',140400,'3'),(140431,'沁源县',140400,'3'),(140481,'潞城市',140400,'3'),(140500,'晋城市',140000,'2'),(140502,'城区',140500,'3'),(140521,'沁水县',140500,'3'),(140522,'阳城县',140500,'3'),(140524,'陵川县',140500,'3'),(140525,'泽州县',140500,'3'),(140581,'高平市',140500,'3'),(140600,'朔州市',140000,'2'),(140602,'朔城区',140600,'3'),(140603,'平鲁区',140600,'3'),(140621,'山阴县',140600,'3'),(140622,'应县',140600,'3'),(140623,'右玉县',140600,'3'),(140624,'怀仁县',140600,'3'),(140700,'晋中市',140000,'2'),(140702,'榆次区',140700,'3'),(140721,'榆社县',140700,'3'),(140722,'左权县',140700,'3'),(140723,'和顺县',140700,'3'),(140724,'昔阳县',140700,'3'),(140725,'寿阳县',140700,'3'),(140726,'太谷县',140700,'3'),(140727,'祁县',140700,'3'),(140728,'平遥县',140700,'3'),(140729,'灵石县',140700,'3'),(140781,'介休市',140700,'3'),(140800,'运城市',140000,'2'),(140802,'盐湖区',140800,'3'),(140821,'临猗县',140800,'3'),(140822,'万荣县',140800,'3'),(140823,'闻喜县',140800,'3'),(140824,'稷山县',140800,'3'),(140825,'新绛县',140800,'3'),(140826,'绛县',140800,'3'),(140827,'垣曲县',140800,'3'),(140828,'夏县',140800,'3'),(140829,'平陆县',140800,'3'),(140830,'芮城县',140800,'3'),(140881,'永济市',140800,'3'),(140882,'河津市',140800,'3'),(140900,'忻州市',140000,'2'),(140902,'忻府区',140900,'3'),(140921,'定襄县',140900,'3'),(140922,'五台县',140900,'3'),(140923,'代县',140900,'3'),(140924,'繁峙县',140900,'3'),(140925,'宁武县',140900,'3'),(140926,'静乐县',140900,'3'),(140927,'神池县',140900,'3'),(140928,'五寨县',140900,'3'),(140929,'岢岚县',140900,'3'),(140930,'河曲县',140900,'3'),(140931,'保德县',140900,'3'),(140932,'偏关县',140900,'3'),(140981,'原平市',140900,'3'),(141000,'临汾市',140000,'2'),(141002,'尧都区',141000,'3'),(141021,'曲沃县',141000,'3'),(141022,'翼城县',141000,'3'),(141023,'襄汾县',141000,'3'),(141024,'洪洞县',141000,'3'),(141025,'古县',141000,'3'),(141026,'安泽县',141000,'3'),(141027,'浮山县',141000,'3'),(141028,'吉县',141000,'3'),(141029,'乡宁县',141000,'3'),(141030,'大宁县',141000,'3'),(141031,'隰县',141000,'3'),(141032,'永和县',141000,'3'),(141033,'蒲县',141000,'3'),(141034,'汾西县',141000,'3'),(141081,'侯马市',141000,'3'),(141082,'霍州市',141000,'3'),(141100,'吕梁市',140000,'2'),(141102,'离石区',141100,'3'),(141121,'文水县',141100,'3'),(141122,'交城县',141100,'3'),(141123,'兴县',141100,'3'),(141124,'临县',141100,'3'),(141125,'柳林县',141100,'3'),(141126,'石楼县',141100,'3'),(141127,'岚县',141100,'3'),(141128,'方山县',141100,'3'),(141129,'中阳县',141100,'3'),(141130,'交口县',141100,'3'),(141181,'孝义市',141100,'3'),(141182,'汾阳市',141100,'3'),(150000,'内蒙古自治区',NULL,'1'),(150100,'呼和浩特市',150000,'2'),(150102,'新城区',150100,'3'),(150103,'回民区',150100,'3'),(150104,'玉泉区',150100,'3'),(150105,'赛罕区',150100,'3'),(150121,'土默特左旗',150100,'3'),(150122,'托克托县',150100,'3'),(150123,'和林格尔县',150100,'3'),(150124,'清水河县',150100,'3'),(150125,'武川县',150100,'3'),(150200,'包头市',150000,'2'),(150202,'东河区',150200,'3'),(150203,'昆都仑区',150200,'3'),(150204,'青山区',150200,'3'),(150205,'石拐区',150200,'3'),(150206,'白云鄂博矿区',150200,'3'),(150207,'九原区',150200,'3'),(150221,'土默特右旗',150200,'3'),(150222,'固阳县',150200,'3'),(150223,'达尔罕茂明安联合旗',150200,'3'),(150300,'乌海市',150000,'2'),(150302,'海勃湾区',150300,'3'),(150303,'海南区',150300,'3'),(150304,'乌达区',150300,'3'),(150400,'赤峰市',150000,'2'),(150402,'红山区',150400,'3'),(150403,'元宝山区',150400,'3'),(150404,'松山区',150400,'3'),(150421,'阿鲁科尔沁旗',150400,'3'),(150422,'巴林左旗',150400,'3'),(150423,'巴林右旗',150400,'3'),(150424,'林西县',150400,'3'),(150425,'克什克腾旗',150400,'3'),(150426,'翁牛特旗',150400,'3'),(150428,'喀喇沁旗',150400,'3'),(150429,'宁城县',150400,'3'),(150430,'敖汉旗',150400,'3'),(150500,'通辽市',150000,'2'),(150502,'科尔沁区',150500,'3'),(150521,'科尔沁左翼中旗',150500,'3'),(150522,'科尔沁左翼后旗',150500,'3'),(150523,'开鲁县',150500,'3'),(150524,'库伦旗',150500,'3'),(150525,'奈曼旗',150500,'3'),(150526,'扎鲁特旗',150500,'3'),(150581,'霍林郭勒市',150500,'3'),(150600,'鄂尔多斯市',150000,'2'),(150602,'东胜区',150600,'3'),(150621,'达拉特旗',150600,'3'),(150622,'准格尔旗',150600,'3'),(150623,'鄂托克前旗',150600,'3'),(150624,'鄂托克旗',150600,'3'),(150625,'杭锦旗',150600,'3'),(150626,'乌审旗',150600,'3'),(150627,'伊金霍洛旗',150600,'3'),(150700,'呼伦贝尔市',150000,'2'),(150702,'海拉尔区',150700,'3'),(150703,'扎赉诺尔区',150700,'3'),(150721,'阿荣旗',150700,'3'),(150722,'莫力达瓦达斡尔族自治旗',150700,'3'),(150723,'鄂伦春自治旗',150700,'3'),(150724,'鄂温克族自治旗',150700,'3'),(150725,'陈巴尔虎旗',150700,'3'),(150726,'新巴尔虎左旗',150700,'3'),(150727,'新巴尔虎右旗',150700,'3'),(150781,'满洲里市',150700,'3'),(150782,'牙克石市',150700,'3'),(150783,'扎兰屯市',150700,'3'),(150784,'额尔古纳市',150700,'3'),(150785,'根河市',150700,'3'),(150800,'巴彦淖尔市',150000,'2'),(150802,'临河区',150800,'3'),(150821,'五原县',150800,'3'),(150822,'磴口县',150800,'3'),(150823,'乌拉特前旗',150800,'3'),(150824,'乌拉特中旗',150800,'3'),(150825,'乌拉特后旗',150800,'3'),(150826,'杭锦后旗',150800,'3'),(150900,'乌兰察布市',150000,'2'),(150902,'集宁区',150900,'3'),(150921,'卓资县',150900,'3'),(150922,'化德县',150900,'3'),(150923,'商都县',150900,'3'),(150924,'兴和县',150900,'3'),(150925,'凉城县',150900,'3'),(150926,'察哈尔右翼前旗',150900,'3'),(150927,'察哈尔右翼中旗',150900,'3'),(150928,'察哈尔右翼后旗',150900,'3'),(150929,'四子王旗',150900,'3'),(150981,'丰镇市',150900,'3'),(152200,'兴安盟',150000,'2'),(152201,'乌兰浩特市',152200,'3'),(152202,'阿尔山市',152200,'3'),(152221,'科尔沁右翼前旗',152200,'3'),(152222,'科尔沁右翼中旗',152200,'3'),(152223,'扎赉特旗',152200,'3'),(152224,'突泉县',152200,'3'),(152500,'锡林郭勒盟',150000,'2'),(152501,'二连浩特市',152500,'3'),(152502,'锡林浩特市',152500,'3'),(152522,'阿巴嘎旗',152500,'3'),(152523,'苏尼特左旗',152500,'3'),(152524,'苏尼特右旗',152500,'3'),(152525,'东乌珠穆沁旗',152500,'3'),(152526,'西乌珠穆沁旗',152500,'3'),(152527,'太仆寺旗',152500,'3'),(152528,'镶黄旗',152500,'3'),(152529,'正镶白旗',152500,'3'),(152530,'正蓝旗',152500,'3'),(152531,'多伦县',152500,'3'),(152900,'阿拉善盟',150000,'2'),(152921,'阿拉善左旗',152900,'3'),(152922,'阿拉善右旗',152900,'3'),(152923,'额济纳旗',152900,'3'),(210000,'辽宁省',NULL,'1'),(210100,'沈阳市',210000,'2'),(210101,'东陵区',210100,'3'),(210102,'和平区',210100,'3'),(210103,'沈河区',210100,'3'),(210104,'大东区',210100,'3'),(210105,'皇姑区',210100,'3'),(210106,'铁西区',210100,'3'),(210111,'苏家屯区',210100,'3'),(210112,'浑南新区',210100,'3'),(210113,'沈北新区',210100,'3'),(210114,'于洪区',210100,'3'),(210122,'辽中县',210100,'3'),(210123,'康平县',210100,'3'),(210124,'法库县',210100,'3'),(210181,'新民市',210100,'3'),(210200,'大连市',210000,'2'),(210201,'中山区',210200,'3'),(210202,'沙河口区',210200,'3'),(210203,'西岗区',210200,'3'),(210204,'甘井子区',210200,'3'),(210205,'高新园区',210200,'3'),(210207,'大连开发区',210200,'3'),(210208,'金州区',210200,'3'),(210209,'旅顺口区',210200,'3'),(210210,'普兰店市',210200,'3'),(210211,'瓦房店市',210200,'3'),(210212,'庄河市',210200,'3'),(210213,'长海县',210200,'3'),(210300,'鞍山市',210000,'2'),(210302,'铁东区',210300,'3'),(210303,'铁西区',210300,'3'),(210304,'立山区',210300,'3'),(210311,'千山区',210300,'3'),(210321,'台安县',210300,'3'),(210323,'岫岩满族自治县',210300,'3'),(210381,'海城市',210300,'3'),(210400,'抚顺市',210000,'2'),(210402,'新抚区',210400,'3'),(210403,'东洲区',210400,'3'),(210404,'望花区',210400,'3'),(210411,'顺城区',210400,'3'),(210421,'抚顺县',210400,'3'),(210422,'新宾满族自治县',210400,'3'),(210423,'清原满族自治县',210400,'3'),(210500,'本溪市',210000,'2'),(210502,'平山区',210500,'3'),(210503,'溪湖区',210500,'3'),(210504,'明山区',210500,'3'),(210505,'南芬区',210500,'3'),(210521,'本溪满族自治县',210500,'3'),(210522,'桓仁满族自治县',210500,'3'),(210600,'丹东市',210000,'2'),(210602,'元宝区',210600,'3'),(210603,'振兴区',210600,'3'),(210604,'振安区',210600,'3'),(210624,'宽甸满族自治县',210600,'3'),(210681,'东港市',210600,'3'),(210682,'凤城市',210600,'3'),(210700,'锦州市',210000,'2'),(210702,'古塔区',210700,'3'),(210703,'凌河区',210700,'3'),(210711,'太和区',210700,'3'),(210726,'黑山县',210700,'3'),(210727,'义县',210700,'3'),(210781,'凌海市',210700,'3'),(210782,'北镇市',210700,'3'),(210783,'经济技术开发区',210700,'3'),(210800,'营口市',210000,'2'),(210802,'站前区',210800,'3'),(210803,'西市区',210800,'3'),(210804,'鲅鱼圈区',210800,'3'),(210811,'老边区',210800,'3'),(210881,'盖州市',210800,'3'),(210882,'大石桥市',210800,'3'),(210900,'阜新市',210000,'2'),(210902,'海州区',210900,'3'),(210903,'新邱区',210900,'3'),(210904,'太平区',210900,'3'),(210905,'清河门区',210900,'3'),(210911,'细河区',210900,'3'),(210921,'阜新蒙古族自治县',210900,'3'),(210922,'彰武县',210900,'3'),(211000,'辽阳市',210000,'2'),(211002,'白塔区',211000,'3'),(211003,'文圣区',211000,'3'),(211004,'宏伟区',211000,'3'),(211005,'弓长岭区',211000,'3'),(211011,'太子河区',211000,'3'),(211021,'辽阳县',211000,'3'),(211081,'灯塔市',211000,'3'),(211100,'盘锦市',210000,'2'),(211102,'双台子区',211100,'3'),(211103,'兴隆台区',211100,'3'),(211121,'大洼县',211100,'3'),(211122,'盘山县',211100,'3'),(211200,'铁岭市',210000,'2'),(211202,'银州区',211200,'3'),(211204,'清河区',211200,'3'),(211221,'铁岭县',211200,'3'),(211223,'西丰县',211200,'3'),(211224,'昌图县',211200,'3'),(211281,'调兵山市',211200,'3'),(211282,'开原市',211200,'3'),(211300,'朝阳市',210000,'2'),(211302,'双塔区',211300,'3'),(211303,'龙城区',211300,'3'),(211321,'朝阳县',211300,'3'),(211322,'建平县',211300,'3'),(211324,'喀喇沁左翼蒙古族自治县',211300,'3'),(211381,'北票市',211300,'3'),(211382,'凌源市',211300,'3'),(211400,'葫芦岛市',210000,'2'),(211402,'连山区',211400,'3'),(211403,'龙港区',211400,'3'),(211404,'南票区',211400,'3'),(211421,'绥中县',211400,'3'),(211422,'建昌县',211400,'3'),(211481,'兴城市',211400,'3'),(220000,'吉林省',NULL,'1'),(220100,'长春市',220000,'2'),(220102,'南关区',220100,'3'),(220103,'宽城区',220100,'3'),(220104,'朝阳区',220100,'3'),(220105,'二道区',220100,'3'),(220106,'绿园区',220100,'3'),(220112,'双阳区',220100,'3'),(220113,'九台区',220100,'3'),(220122,'农安县',220100,'3'),(220182,'榆树市',220100,'3'),(220183,'德惠市',220100,'3'),(220200,'吉林市',220000,'2'),(220202,'昌邑区',220200,'3'),(220203,'龙潭区',220200,'3'),(220204,'船营区',220200,'3'),(220211,'丰满区',220200,'3'),(220221,'永吉县',220200,'3'),(220281,'蛟河市',220200,'3'),(220282,'桦甸市',220200,'3'),(220283,'舒兰市',220200,'3'),(220284,'磐石市',220200,'3'),(220300,'四平市',220000,'2'),(220302,'铁西区',220300,'3'),(220303,'铁东区',220300,'3'),(220322,'梨树县',220300,'3'),(220323,'伊通满族自治县',220300,'3'),(220381,'公主岭市',220300,'3'),(220382,'双辽市',220300,'3'),(220400,'辽源市',220000,'2'),(220402,'龙山区',220400,'3'),(220403,'西安区',220400,'3'),(220421,'东丰县',220400,'3'),(220422,'东辽县',220400,'3'),(220500,'通化市',220000,'2'),(220502,'东昌区',220500,'3'),(220503,'二道江区',220500,'3'),(220521,'通化县',220500,'3'),(220523,'辉南县',220500,'3'),(220524,'柳河县',220500,'3'),(220581,'梅河口市',220500,'3'),(220582,'集安市',220500,'3'),(220600,'白山市',220000,'2'),(220602,'浑江区',220600,'3'),(220605,'江源区',220600,'3'),(220621,'抚松县',220600,'3'),(220622,'靖宇县',220600,'3'),(220623,'长白朝鲜族自治县',220600,'3'),(220681,'临江市',220600,'3'),(220700,'松原市',220000,'2'),(220702,'宁江区',220700,'3'),(220721,'前郭尔罗斯蒙古族自治县',220700,'3'),(220722,'长岭县',220700,'3'),(220723,'乾安县',220700,'3'),(220781,'扶余市',220700,'3'),(220800,'白城市',220000,'2'),(220802,'洮北区',220800,'3'),(220821,'镇赉县',220800,'3'),(220822,'通榆县',220800,'3'),(220881,'洮南市',220800,'3'),(220882,'大安市',220800,'3'),(222400,'延边朝鲜族自治州',220000,'2'),(222401,'延吉市',222400,'3'),(222402,'图们市',222400,'3'),(222403,'敦化市',222400,'3'),(222404,'珲春市',222400,'3'),(222405,'龙井市',222400,'3'),(222406,'和龙市',222400,'3'),(222424,'汪清县',222400,'3'),(222426,'安图县',222400,'3'),(230000,'黑龙江省',NULL,'1'),(230100,'哈尔滨市',230000,'2'),(230102,'道里区',230100,'3'),(230103,'南岗区',230100,'3'),(230104,'道外区',230100,'3'),(230108,'平房区',230100,'3'),(230109,'松北区',230100,'3'),(230110,'香坊区',230100,'3'),(230111,'呼兰区',230100,'3'),(230112,'阿城区',230100,'3'),(230113,'双城区',230100,'3'),(230123,'依兰县',230100,'3'),(230124,'方正县',230100,'3'),(230125,'宾县',230100,'3'),(230126,'巴彦县',230100,'3'),(230127,'木兰县',230100,'3'),(230128,'通河县',230100,'3'),(230129,'延寿县',230100,'3'),(230183,'尚志市',230100,'3'),(230184,'五常市',230100,'3'),(230200,'齐齐哈尔市',230000,'2'),(230202,'龙沙区',230200,'3'),(230203,'建华区',230200,'3'),(230204,'铁锋区',230200,'3'),(230205,'昂昂溪区',230200,'3'),(230206,'富拉尔基区',230200,'3'),(230207,'碾子山区',230200,'3'),(230208,'梅里斯达斡尔族区',230200,'3'),(230221,'龙江县',230200,'3'),(230223,'依安县',230200,'3'),(230224,'泰来县',230200,'3'),(230225,'甘南县',230200,'3'),(230227,'富裕县',230200,'3'),(230229,'克山县',230200,'3'),(230230,'克东县',230200,'3'),(230231,'拜泉县',230200,'3'),(230281,'讷河市',230200,'3'),(230300,'鸡西市',230000,'2'),(230302,'鸡冠区',230300,'3'),(230303,'恒山区',230300,'3'),(230304,'滴道区',230300,'3'),(230305,'梨树区',230300,'3'),(230306,'城子河区',230300,'3'),(230307,'麻山区',230300,'3'),(230321,'鸡东县',230300,'3'),(230381,'虎林市',230300,'3'),(230382,'密山市',230300,'3'),(230400,'鹤岗市',230000,'2'),(230402,'向阳区',230400,'3'),(230403,'工农区',230400,'3'),(230404,'南山区',230400,'3'),(230405,'兴安区',230400,'3'),(230406,'东山区',230400,'3'),(230407,'兴山区',230400,'3'),(230421,'萝北县',230400,'3'),(230422,'绥滨县',230400,'3'),(230500,'双鸭山市',230000,'2'),(230502,'尖山区',230500,'3'),(230503,'岭东区',230500,'3'),(230505,'四方台区',230500,'3'),(230506,'宝山区',230500,'3'),(230521,'集贤县',230500,'3'),(230522,'友谊县',230500,'3'),(230523,'宝清县',230500,'3'),(230524,'饶河县',230500,'3'),(230600,'大庆市',230000,'2'),(230602,'萨尔图区',230600,'3'),(230603,'龙凤区',230600,'3'),(230604,'让胡路区',230600,'3'),(230605,'红岗区',230600,'3'),(230606,'大同区',230600,'3'),(230621,'肇州县',230600,'3'),(230622,'肇源县',230600,'3'),(230623,'林甸县',230600,'3'),(230624,'杜尔伯特蒙古族自治县',230600,'3'),(230700,'伊春市',230000,'2'),(230702,'伊春区',230700,'3'),(230703,'南岔区',230700,'3'),(230704,'友好区',230700,'3'),(230705,'西林区',230700,'3'),(230706,'翠峦区',230700,'3'),(230707,'新青区',230700,'3'),(230708,'美溪区',230700,'3'),(230709,'金山屯区',230700,'3'),(230710,'五营区',230700,'3'),(230711,'乌马河区',230700,'3'),(230712,'汤旺河区',230700,'3'),(230713,'带岭区',230700,'3'),(230714,'乌伊岭区',230700,'3'),(230715,'红星区',230700,'3'),(230716,'上甘岭区',230700,'3'),(230722,'嘉荫县',230700,'3'),(230781,'铁力市',230700,'3'),(230800,'佳木斯市',230000,'2'),(230803,'向阳区',230800,'3'),(230804,'前进区',230800,'3'),(230805,'东风区',230800,'3'),(230811,'郊区',230800,'3'),(230822,'桦南县',230800,'3'),(230826,'桦川县',230800,'3'),(230828,'汤原县',230800,'3'),(230833,'抚远县',230800,'3'),(230881,'同江市',230800,'3'),(230882,'富锦市',230800,'3'),(230900,'七台河市',230000,'2'),(230902,'新兴区',230900,'3'),(230903,'桃山区',230900,'3'),(230904,'茄子河区',230900,'3'),(230921,'勃利县',230900,'3'),(231000,'牡丹江市',230000,'2'),(231002,'东安区',231000,'3'),(231003,'阳明区',231000,'3'),(231004,'爱民区',231000,'3'),(231005,'西安区',231000,'3'),(231024,'东宁县',231000,'3'),(231025,'林口县',231000,'3'),(231081,'绥芬河市',231000,'3'),(231083,'海林市',231000,'3'),(231084,'宁安市',231000,'3'),(231085,'穆棱市',231000,'3'),(231100,'黑河市',230000,'2'),(231102,'爱辉区',231100,'3'),(231121,'嫩江县',231100,'3'),(231123,'逊克县',231100,'3'),(231124,'孙吴县',231100,'3'),(231181,'北安市',231100,'3'),(231182,'五大连池市',231100,'3'),(231200,'绥化市',230000,'2'),(231202,'北林区',231200,'3'),(231221,'望奎县',231200,'3'),(231222,'兰西县',231200,'3'),(231223,'青冈县',231200,'3'),(231224,'庆安县',231200,'3'),(231225,'明水县',231200,'3'),(231226,'绥棱县',231200,'3'),(231281,'安达市',231200,'3'),(231282,'肇东市',231200,'3'),(231283,'海伦市',231200,'3'),(232700,'大兴安岭地区',230000,'2'),(232701,'加格达奇区',232700,'3'),(232721,'呼玛县',232700,'3'),(232722,'塔河县',232700,'3'),(232723,'漠河县',232700,'3'),(310000,'上海市',NULL,'1'),(310100,'上海市',310000,'2'),(310101,'黄浦区',310100,'3'),(310104,'徐汇区',310100,'3'),(310105,'长宁区',310100,'3'),(310106,'静安区',310100,'3'),(310107,'普陀区',310100,'3'),(310108,'闸北区',310100,'3'),(310109,'虹口区',310100,'3'),(310110,'杨浦区',310100,'3'),(310112,'闵行区',310100,'3'),(310113,'宝山区',310100,'3'),(310114,'嘉定区',310100,'3'),(310115,'浦东新区',310100,'3'),(310116,'金山区',310100,'3'),(310117,'松江区',310100,'3'),(310118,'青浦区',310100,'3'),(310120,'奉贤区',310100,'3'),(310230,'崇明县',310100,'3'),(320000,'江苏省',NULL,'1'),(320100,'南京市',320000,'2'),(320102,'玄武区',320100,'3'),(320104,'秦淮区',320100,'3'),(320105,'建邺区',320100,'3'),(320106,'鼓楼区',320100,'3'),(320111,'浦口区',320100,'3'),(320113,'栖霞区',320100,'3'),(320114,'雨花台区',320100,'3'),(320115,'江宁区',320100,'3'),(320116,'六合区',320100,'3'),(320117,'溧水区',320100,'3'),(320118,'高淳区',320100,'3'),(320200,'无锡市',320000,'2'),(320202,'崇安区',320200,'3'),(320203,'南长区',320200,'3'),(320204,'北塘区',320200,'3'),(320205,'锡山区',320200,'3'),(320206,'惠山区',320200,'3'),(320211,'滨湖区',320200,'3'),(320281,'江阴市',320200,'3'),(320282,'宜兴市',320200,'3'),(320300,'徐州市',320000,'2'),(320302,'鼓楼区',320300,'3'),(320303,'云龙区',320300,'3'),(320305,'贾汪区',320300,'3'),(320311,'泉山区',320300,'3'),(320312,'铜山区',320300,'3'),(320321,'丰县',320300,'3'),(320322,'沛县',320300,'3'),(320324,'睢宁县',320300,'3'),(320381,'新沂市',320300,'3'),(320382,'邳州市',320300,'3'),(320400,'常州市',320000,'2'),(320402,'天宁区',320400,'3'),(320404,'钟楼区',320400,'3'),(320411,'新北区',320400,'3'),(320412,'武进区',320400,'3'),(320481,'溧阳市',320400,'3'),(320482,'金坛区',320400,'3'),(320500,'苏州市',320000,'2'),(320505,'虎丘区',320500,'3'),(320506,'吴中区',320500,'3'),(320507,'相城区',320500,'3'),(320508,'姑苏区',320500,'3'),(320509,'吴江区',320500,'3'),(320581,'常熟市',320500,'3'),(320582,'张家港市',320500,'3'),(320583,'昆山市',320500,'3'),(320585,'太仓市',320500,'3'),(320600,'南通市',320000,'2'),(320602,'崇川区',320600,'3'),(320611,'港闸区',320600,'3'),(320612,'通州区',320600,'3'),(320621,'海安县',320600,'3'),(320623,'如东县',320600,'3'),(320681,'启东市',320600,'3'),(320682,'如皋市',320600,'3'),(320684,'海门市',320600,'3'),(320700,'连云港市',320000,'2'),(320703,'连云区',320700,'3'),(320706,'海州区',320700,'3'),(320707,'赣榆区',320700,'3'),(320722,'东海县',320700,'3'),(320723,'灌云县',320700,'3'),(320724,'灌南县',320700,'3'),(320800,'淮安市',320000,'2'),(320802,'清河区',320800,'3'),(320803,'淮安区',320800,'3'),(320804,'淮阴区',320800,'3'),(320811,'清浦区',320800,'3'),(320826,'涟水县',320800,'3'),(320829,'洪泽县',320800,'3'),(320830,'盱眙县',320800,'3'),(320831,'金湖县',320800,'3'),(320900,'盐城市',320000,'2'),(320902,'亭湖区',320900,'3'),(320903,'盐都区',320900,'3'),(320921,'响水县',320900,'3'),(320922,'滨海县',320900,'3'),(320923,'阜宁县',320900,'3'),(320924,'射阳县',320900,'3'),(320925,'建湖县',320900,'3'),(320981,'东台市',320900,'3'),(320982,'大丰市',320900,'3'),(321000,'扬州市',320000,'2'),(321002,'广陵区',321000,'3'),(321003,'邗江区',321000,'3'),(321012,'江都区',321000,'3'),(321023,'宝应县',321000,'3'),(321081,'仪征市',321000,'3'),(321084,'高邮市',321000,'3'),(321100,'镇江市',320000,'2'),(321102,'京口区',321100,'3'),(321111,'润州区',321100,'3'),(321112,'丹徒区',321100,'3'),(321181,'丹阳市',321100,'3'),(321182,'扬中市',321100,'3'),(321183,'句容市',321100,'3'),(321200,'泰州市',320000,'2'),(321202,'海陵区',321200,'3'),(321203,'高港区',321200,'3'),(321204,'姜堰区',321200,'3'),(321281,'兴化市',321200,'3'),(321282,'靖江市',321200,'3'),(321283,'泰兴市',321200,'3'),(321300,'宿迁市',320000,'2'),(321302,'宿城区',321300,'3'),(321311,'宿豫区',321300,'3'),(321322,'沭阳县',321300,'3'),(321323,'泗阳县',321300,'3'),(321324,'泗洪县',321300,'3'),(330000,'浙江省',NULL,'1'),(330100,'杭州市',330000,'2'),(330102,'上城区',330100,'3'),(330103,'下城区',330100,'3'),(330104,'江干区',330100,'3'),(330105,'拱墅区',330100,'3'),(330106,'西湖区',330100,'3'),(330108,'滨江区',330100,'3'),(330109,'萧山区',330100,'3'),(330110,'余杭区',330100,'3'),(330111,'富阳区',330100,'3'),(330122,'桐庐县',330100,'3'),(330127,'淳安县',330100,'3'),(330182,'建德市',330100,'3'),(330185,'临安市',330100,'3'),(330200,'宁波市',330000,'2'),(330203,'海曙区',330200,'3'),(330204,'江东区',330200,'3'),(330205,'江北区',330200,'3'),(330206,'北仑区',330200,'3'),(330211,'镇海区',330200,'3'),(330212,'鄞州区',330200,'3'),(330225,'象山县',330200,'3'),(330226,'宁海县',330200,'3'),(330281,'余姚市',330200,'3'),(330282,'慈溪市',330200,'3'),(330283,'奉化市',330200,'3'),(330300,'温州市',330000,'2'),(330302,'鹿城区',330300,'3'),(330303,'龙湾区',330300,'3'),(330304,'瓯海区',330300,'3'),(330322,'洞头县',330300,'3'),(330324,'永嘉县',330300,'3'),(330326,'平阳县',330300,'3'),(330327,'苍南县',330300,'3'),(330328,'文成县',330300,'3'),(330329,'泰顺县',330300,'3'),(330381,'瑞安市',330300,'3'),(330382,'乐清市',330300,'3'),(330400,'嘉兴市',330000,'2'),(330402,'南湖区',330400,'3'),(330411,'秀洲区',330400,'3'),(330421,'嘉善县',330400,'3'),(330424,'海盐县',330400,'3'),(330481,'海宁市',330400,'3'),(330482,'平湖市',330400,'3'),(330483,'桐乡市',330400,'3'),(330500,'湖州市',330000,'2'),(330502,'吴兴区',330500,'3'),(330503,'南浔区',330500,'3'),(330521,'德清县',330500,'3'),(330522,'长兴县',330500,'3'),(330523,'安吉县',330500,'3'),(330600,'绍兴市',330000,'2'),(330602,'越城区',330600,'3'),(330603,'柯桥区',330600,'3'),(330604,'上虞区',330600,'3'),(330624,'新昌县',330600,'3'),(330681,'诸暨市',330600,'3'),(330683,'嵊州市',330600,'3'),(330700,'金华市',330000,'2'),(330702,'婺城区',330700,'3'),(330703,'金东区',330700,'3'),(330723,'武义县',330700,'3'),(330726,'浦江县',330700,'3'),(330727,'磐安县',330700,'3'),(330781,'兰溪市',330700,'3'),(330782,'义乌市',330700,'3'),(330783,'东阳市',330700,'3'),(330784,'永康市',330700,'3'),(330800,'衢州市',330000,'2'),(330802,'柯城区',330800,'3'),(330803,'衢江区',330800,'3'),(330822,'常山县',330800,'3'),(330824,'开化县',330800,'3'),(330825,'龙游县',330800,'3'),(330881,'江山市',330800,'3'),(330900,'舟山市',330000,'2'),(330902,'定海区',330900,'3'),(330903,'普陀区',330900,'3'),(330921,'岱山县',330900,'3'),(330922,'嵊泗县',330900,'3'),(331000,'台州市',330000,'2'),(331002,'椒江区',331000,'3'),(331003,'黄岩区',331000,'3'),(331004,'路桥区',331000,'3'),(331021,'玉环县',331000,'3'),(331022,'三门县',331000,'3'),(331023,'天台县',331000,'3'),(331024,'仙居县',331000,'3'),(331081,'温岭市',331000,'3'),(331082,'临海市',331000,'3'),(331100,'丽水市',330000,'2'),(331102,'莲都区',331100,'3'),(331121,'青田县',331100,'3'),(331122,'缙云县',331100,'3'),(331123,'遂昌县',331100,'3'),(331124,'松阳县',331100,'3'),(331125,'云和县',331100,'3'),(331126,'庆元县',331100,'3'),(331127,'景宁畲族自治县',331100,'3'),(331181,'龙泉市',331100,'3'),(340000,'安徽省',NULL,'1'),(340100,'合肥市',340000,'2'),(340102,'瑶海区',340100,'3'),(340103,'庐阳区',340100,'3'),(340104,'蜀山区',340100,'3'),(340111,'包河区',340100,'3'),(340121,'长丰县',340100,'3'),(340122,'肥东县',340100,'3'),(340123,'肥西县',340100,'3'),(340124,'庐江县',340100,'3'),(340181,'巢湖市',340100,'3'),(340200,'芜湖市',340000,'2'),(340202,'镜湖区',340200,'3'),(340203,'弋江区',340200,'3'),(340207,'鸠江区',340200,'3'),(340208,'三山区',340200,'3'),(340221,'芜湖县',340200,'3'),(340222,'繁昌县',340200,'3'),(340223,'南陵县',340200,'3'),(340225,'无为县',340200,'3'),(340300,'蚌埠市',340000,'2'),(340302,'龙子湖区',340300,'3'),(340303,'蚌山区',340300,'3'),(340304,'禹会区',340300,'3'),(340311,'淮上区',340300,'3'),(340321,'怀远县',340300,'3'),(340322,'五河县',340300,'3'),(340323,'固镇县',340300,'3'),(340400,'淮南市',340000,'2'),(340402,'大通区',340400,'3'),(340403,'田家庵区',340400,'3'),(340404,'谢家集区',340400,'3'),(340405,'八公山区',340400,'3'),(340406,'潘集区',340400,'3'),(340421,'凤台县',340400,'3'),(340500,'马鞍山市',340000,'2'),(340503,'花山区',340500,'3'),(340504,'雨山区',340500,'3'),(340506,'博望区',340500,'3'),(340521,'当涂县',340500,'3'),(340522,'含山县',340500,'3'),(340523,'和县',340500,'3'),(340600,'淮北市',340000,'2'),(340602,'杜集区',340600,'3'),(340603,'相山区',340600,'3'),(340604,'烈山区',340600,'3'),(340621,'濉溪县',340600,'3'),(340700,'铜陵市',340000,'2'),(340702,'铜官山区',340700,'3'),(340703,'狮子山区',340700,'3'),(340711,'郊区',340700,'3'),(340721,'铜陵县',340700,'3'),(340800,'安庆市',340000,'2'),(340802,'迎江区',340800,'3'),(340803,'大观区',340800,'3'),(340811,'宜秀区',340800,'3'),(340822,'怀宁县',340800,'3'),(340823,'枞阳县',340800,'3'),(340824,'潜山县',340800,'3'),(340825,'太湖县',340800,'3'),(340826,'宿松县',340800,'3'),(340827,'望江县',340800,'3'),(340828,'岳西县',340800,'3'),(340881,'桐城市',340800,'3'),(341000,'黄山市',340000,'2'),(341002,'屯溪区',341000,'3'),(341003,'黄山区',341000,'3'),(341004,'徽州区',341000,'3'),(341021,'歙县',341000,'3'),(341022,'休宁县',341000,'3'),(341023,'黟县',341000,'3'),(341024,'祁门县',341000,'3'),(341100,'滁州市',340000,'2'),(341102,'琅琊区',341100,'3'),(341103,'南谯区',341100,'3'),(341122,'来安县',341100,'3'),(341124,'全椒县',341100,'3'),(341125,'定远县',341100,'3'),(341126,'凤阳县',341100,'3'),(341181,'天长市',341100,'3'),(341182,'明光市',341100,'3'),(341200,'阜阳市',340000,'2'),(341202,'颍州区',341200,'3'),(341203,'颍东区',341200,'3'),(341204,'颍泉区',341200,'3'),(341221,'临泉县',341200,'3'),(341222,'太和县',341200,'3'),(341225,'阜南县',341200,'3'),(341226,'颍上县',341200,'3'),(341282,'界首市',341200,'3'),(341300,'宿州市',340000,'2'),(341302,'埇桥区',341300,'3'),(341321,'砀山县',341300,'3'),(341322,'萧县',341300,'3'),(341323,'灵璧县',341300,'3'),(341324,'泗县',341300,'3'),(341500,'六安市',340000,'2'),(341502,'金安区',341500,'3'),(341503,'裕安区',341500,'3'),(341521,'寿县',341500,'3'),(341522,'霍邱县',341500,'3'),(341523,'舒城县',341500,'3'),(341524,'金寨县',341500,'3'),(341525,'霍山县',341500,'3'),(341600,'亳州市',340000,'2'),(341602,'谯城区',341600,'3'),(341621,'涡阳县',341600,'3'),(341622,'蒙城县',341600,'3'),(341623,'利辛县',341600,'3'),(341700,'池州市',340000,'2'),(341702,'贵池区',341700,'3'),(341721,'东至县',341700,'3'),(341722,'石台县',341700,'3'),(341723,'青阳县',341700,'3'),(341800,'宣城市',340000,'2'),(341802,'宣州区',341800,'3'),(341821,'郎溪县',341800,'3'),(341822,'广德县',341800,'3'),(341823,'泾县',341800,'3'),(341824,'绩溪县',341800,'3'),(341825,'旌德县',341800,'3'),(341881,'宁国市',341800,'3'),(350000,'福建省',NULL,'1'),(350100,'福州市',350000,'2'),(350102,'鼓楼区',350100,'3'),(350103,'台江区',350100,'3'),(350104,'仓山区',350100,'3'),(350105,'马尾区',350100,'3'),(350111,'晋安区',350100,'3'),(350121,'闽侯县',350100,'3'),(350122,'连江县',350100,'3'),(350123,'罗源县',350100,'3'),(350124,'闽清县',350100,'3'),(350125,'永泰县',350100,'3'),(350128,'平潭县',350100,'3'),(350181,'福清市',350100,'3'),(350182,'长乐市',350100,'3'),(350200,'厦门市',350000,'2'),(350203,'思明区',350200,'3'),(350205,'海沧区',350200,'3'),(350206,'湖里区',350200,'3'),(350211,'集美区',350200,'3'),(350212,'同安区',350200,'3'),(350213,'翔安区',350200,'3'),(350300,'莆田市',350000,'2'),(350302,'城厢区',350300,'3'),(350303,'涵江区',350300,'3'),(350304,'荔城区',350300,'3'),(350305,'秀屿区',350300,'3'),(350322,'仙游县',350300,'3'),(350400,'三明市',350000,'2'),(350402,'梅列区',350400,'3'),(350403,'三元区',350400,'3'),(350421,'明溪县',350400,'3'),(350423,'清流县',350400,'3'),(350424,'宁化县',350400,'3'),(350425,'大田县',350400,'3'),(350426,'尤溪县',350400,'3'),(350427,'沙县',350400,'3'),(350428,'将乐县',350400,'3'),(350429,'泰宁县',350400,'3'),(350430,'建宁县',350400,'3'),(350481,'永安市',350400,'3'),(350500,'泉州市',350000,'2'),(350502,'鲤城区',350500,'3'),(350503,'丰泽区',350500,'3'),(350504,'洛江区',350500,'3'),(350505,'泉港区',350500,'3'),(350521,'惠安县',350500,'3'),(350524,'安溪县',350500,'3'),(350525,'永春县',350500,'3'),(350526,'德化县',350500,'3'),(350527,'金门县',350500,'3'),(350581,'石狮市',350500,'3'),(350582,'晋江市',350500,'3'),(350583,'南安市',350500,'3'),(350600,'漳州市',350000,'2'),(350602,'芗城区',350600,'3'),(350603,'龙文区',350600,'3'),(350622,'云霄县',350600,'3'),(350623,'漳浦县',350600,'3'),(350624,'诏安县',350600,'3'),(350625,'长泰县',350600,'3'),(350626,'东山县',350600,'3'),(350627,'南靖县',350600,'3'),(350628,'平和县',350600,'3'),(350629,'华安县',350600,'3'),(350681,'龙海市',350600,'3'),(350700,'南平市',350000,'2'),(350702,'延平区',350700,'3'),(350703,'建阳区',350700,'3'),(350721,'顺昌县',350700,'3'),(350722,'浦城县',350700,'3'),(350723,'光泽县',350700,'3'),(350724,'松溪县',350700,'3'),(350725,'政和县',350700,'3'),(350781,'邵武市',350700,'3'),(350782,'武夷山市',350700,'3'),(350783,'建瓯市',350700,'3'),(350800,'龙岩市',350000,'2'),(350802,'新罗区',350800,'3'),(350803,'永定区',350800,'3'),(350821,'长汀县',350800,'3'),(350823,'上杭县',350800,'3'),(350824,'武平县',350800,'3'),(350825,'连城县',350800,'3'),(350881,'漳平市',350800,'3'),(350900,'宁德市',350000,'2'),(350902,'蕉城区',350900,'3'),(350921,'霞浦县',350900,'3'),(350922,'古田县',350900,'3'),(350923,'屏南县',350900,'3'),(350924,'寿宁县',350900,'3'),(350925,'周宁县',350900,'3'),(350926,'柘荣县',350900,'3'),(350981,'福安市',350900,'3'),(350982,'福鼎市',350900,'3'),(360000,'江西省',NULL,'1'),(360100,'南昌市',360000,'2'),(360102,'东湖区',360100,'3'),(360103,'西湖区',360100,'3'),(360104,'青云谱区',360100,'3'),(360105,'湾里区',360100,'3'),(360111,'青山湖区',360100,'3'),(360121,'南昌县',360100,'3'),(360122,'新建县',360100,'3'),(360123,'安义县',360100,'3'),(360124,'进贤县',360100,'3'),(360200,'景德镇市',360000,'2'),(360202,'昌江区',360200,'3'),(360203,'珠山区',360200,'3'),(360222,'浮梁县',360200,'3'),(360281,'乐平市',360200,'3'),(360300,'萍乡市',360000,'2'),(360302,'安源区',360300,'3'),(360313,'湘东区',360300,'3'),(360321,'莲花县',360300,'3'),(360322,'上栗县',360300,'3'),(360323,'芦溪县',360300,'3'),(360400,'九江市',360000,'2'),(360402,'庐山区',360400,'3'),(360403,'浔阳区',360400,'3'),(360421,'九江县',360400,'3'),(360423,'武宁县',360400,'3'),(360424,'修水县',360400,'3'),(360425,'永修县',360400,'3'),(360426,'德安县',360400,'3'),(360427,'星子县',360400,'3'),(360428,'都昌县',360400,'3'),(360429,'湖口县',360400,'3'),(360430,'彭泽县',360400,'3'),(360481,'瑞昌市',360400,'3'),(360482,'共青城市',360400,'3'),(360500,'新余市',360000,'2'),(360502,'渝水区',360500,'3'),(360521,'分宜县',360500,'3'),(360600,'鹰潭市',360000,'2'),(360602,'月湖区',360600,'3'),(360622,'余江县',360600,'3'),(360681,'贵溪市',360600,'3'),(360700,'赣州市',360000,'2'),(360702,'章贡区',360700,'3'),(360703,'南康区',360700,'3'),(360721,'赣县',360700,'3'),(360722,'信丰县',360700,'3'),(360723,'大余县',360700,'3'),(360724,'上犹县',360700,'3'),(360725,'崇义县',360700,'3'),(360726,'安远县',360700,'3'),(360727,'龙南县',360700,'3'),(360728,'定南县',360700,'3'),(360729,'全南县',360700,'3'),(360730,'宁都县',360700,'3'),(360731,'于都县',360700,'3'),(360732,'兴国县',360700,'3'),(360733,'会昌县',360700,'3'),(360734,'寻乌县',360700,'3'),(360735,'石城县',360700,'3'),(360781,'瑞金市',360700,'3'),(360800,'吉安市',360000,'2'),(360802,'吉州区',360800,'3'),(360803,'青原区',360800,'3'),(360821,'吉安县',360800,'3'),(360822,'吉水县',360800,'3'),(360823,'峡江县',360800,'3'),(360824,'新干县',360800,'3'),(360825,'永丰县',360800,'3'),(360826,'泰和县',360800,'3'),(360827,'遂川县',360800,'3'),(360828,'万安县',360800,'3'),(360829,'安福县',360800,'3'),(360830,'永新县',360800,'3'),(360881,'井冈山市',360800,'3'),(360900,'宜春市',360000,'2'),(360902,'袁州区',360900,'3'),(360921,'奉新县',360900,'3'),(360922,'万载县',360900,'3'),(360923,'上高县',360900,'3'),(360924,'宜丰县',360900,'3'),(360925,'靖安县',360900,'3'),(360926,'铜鼓县',360900,'3'),(360981,'丰城市',360900,'3'),(360982,'樟树市',360900,'3'),(360983,'高安市',360900,'3'),(361000,'抚州市',360000,'2'),(361002,'临川区',361000,'3'),(361021,'南城县',361000,'3'),(361022,'黎川县',361000,'3'),(361023,'南丰县',361000,'3'),(361024,'崇仁县',361000,'3'),(361025,'乐安县',361000,'3'),(361026,'宜黄县',361000,'3'),(361027,'金溪县',361000,'3'),(361028,'资溪县',361000,'3'),(361029,'东乡县',361000,'3'),(361030,'广昌县',361000,'3'),(361100,'上饶市',360000,'2'),(361102,'信州区',361100,'3'),(361103,'广丰区',361100,'3'),(361121,'上饶县',361100,'3'),(361123,'玉山县',361100,'3'),(361124,'铅山县',361100,'3'),(361125,'横峰县',361100,'3'),(361126,'弋阳县',361100,'3'),(361127,'余干县',361100,'3'),(361128,'鄱阳县',361100,'3'),(361129,'万年县',361100,'3'),(361130,'婺源县',361100,'3'),(361181,'德兴市',361100,'3'),(370000,'山东省',NULL,'1'),(370100,'济南市',370000,'2'),(370102,'历下区',370100,'3'),(370103,'市中区',370100,'3'),(370104,'槐荫区',370100,'3'),(370105,'天桥区',370100,'3'),(370112,'历城区',370100,'3'),(370113,'长清区',370100,'3'),(370124,'平阴县',370100,'3'),(370125,'济阳县',370100,'3'),(370126,'商河县',370100,'3'),(370181,'章丘市',370100,'3'),(370200,'青岛市',370000,'2'),(370202,'市南区',370200,'3'),(370203,'市北区',370200,'3'),(370211,'黄岛区',370200,'3'),(370212,'崂山区',370200,'3'),(370213,'李沧区',370200,'3'),(370214,'城阳区',370200,'3'),(370281,'胶州市',370200,'3'),(370282,'即墨市',370200,'3'),(370283,'平度市',370200,'3'),(370285,'莱西市',370200,'3'),(370300,'淄博市',370000,'2'),(370302,'淄川区',370300,'3'),(370303,'张店区',370300,'3'),(370304,'博山区',370300,'3'),(370305,'临淄区',370300,'3'),(370306,'周村区',370300,'3'),(370321,'桓台县',370300,'3'),(370322,'高青县',370300,'3'),(370323,'沂源县',370300,'3'),(370400,'枣庄市',370000,'2'),(370402,'市中区',370400,'3'),(370403,'薛城区',370400,'3'),(370404,'峄城区',370400,'3'),(370405,'台儿庄区',370400,'3'),(370406,'山亭区',370400,'3'),(370481,'滕州市',370400,'3'),(370500,'东营市',370000,'2'),(370502,'东营区',370500,'3'),(370503,'河口区',370500,'3'),(370521,'垦利县',370500,'3'),(370522,'利津县',370500,'3'),(370523,'广饶县',370500,'3'),(370600,'烟台市',370000,'2'),(370602,'芝罘区',370600,'3'),(370611,'福山区',370600,'3'),(370612,'牟平区',370600,'3'),(370613,'莱山区',370600,'3'),(370634,'长岛县',370600,'3'),(370681,'龙口市',370600,'3'),(370682,'莱阳市',370600,'3'),(370683,'莱州市',370600,'3'),(370684,'蓬莱市',370600,'3'),(370685,'招远市',370600,'3'),(370686,'栖霞市',370600,'3'),(370687,'海阳市',370600,'3'),(370700,'潍坊市',370000,'2'),(370702,'潍城区',370700,'3'),(370703,'寒亭区',370700,'3'),(370704,'坊子区',370700,'3'),(370705,'奎文区',370700,'3'),(370724,'临朐县',370700,'3'),(370725,'昌乐县',370700,'3'),(370781,'青州市',370700,'3'),(370782,'诸城市',370700,'3'),(370783,'寿光市',370700,'3'),(370784,'安丘市',370700,'3'),(370785,'高密市',370700,'3'),(370786,'昌邑市',370700,'3'),(370800,'济宁市',370000,'2'),(370811,'任城区',370800,'3'),(370812,'兖州区',370800,'3'),(370826,'微山县',370800,'3'),(370827,'鱼台县',370800,'3'),(370828,'金乡县',370800,'3'),(370829,'嘉祥县',370800,'3'),(370830,'汶上县',370800,'3'),(370831,'泗水县',370800,'3'),(370832,'梁山县',370800,'3'),(370881,'曲阜市',370800,'3'),(370883,'邹城市',370800,'3'),(370900,'泰安市',370000,'2'),(370902,'泰山区',370900,'3'),(370911,'岱岳区',370900,'3'),(370921,'宁阳县',370900,'3'),(370923,'东平县',370900,'3'),(370982,'新泰市',370900,'3'),(370983,'肥城市',370900,'3'),(371000,'威海市',370000,'2'),(371002,'环翠区',371000,'3'),(371003,'文登区',371000,'3'),(371082,'荣成市',371000,'3'),(371083,'乳山市',371000,'3'),(371100,'日照市',370000,'2'),(371102,'东港区',371100,'3'),(371103,'岚山区',371100,'3'),(371121,'五莲县',371100,'3'),(371122,'莒县',371100,'3'),(371200,'莱芜市',370000,'2'),(371202,'莱城区',371200,'3'),(371203,'钢城区',371200,'3'),(371300,'临沂市',370000,'2'),(371302,'兰山区',371300,'3'),(371311,'罗庄区',371300,'3'),(371312,'河东区',371300,'3'),(371321,'沂南县',371300,'3'),(371322,'郯城县',371300,'3'),(371323,'沂水县',371300,'3'),(371324,'兰陵县',371300,'3'),(371325,'费县',371300,'3'),(371326,'平邑县',371300,'3'),(371327,'莒南县',371300,'3'),(371328,'蒙阴县',371300,'3'),(371329,'临沭县',371300,'3'),(371400,'德州市',370000,'2'),(371402,'德城区',371400,'3'),(371403,'陵城区',371400,'3'),(371422,'宁津县',371400,'3'),(371423,'庆云县',371400,'3'),(371424,'临邑县',371400,'3'),(371425,'齐河县',371400,'3'),(371426,'平原县',371400,'3'),(371427,'夏津县',371400,'3'),(371428,'武城县',371400,'3'),(371481,'乐陵市',371400,'3'),(371482,'禹城市',371400,'3'),(371500,'聊城市',370000,'2'),(371502,'东昌府区',371500,'3'),(371521,'阳谷县',371500,'3'),(371522,'莘县',371500,'3'),(371523,'茌平县',371500,'3'),(371524,'东阿县',371500,'3'),(371525,'冠县',371500,'3'),(371526,'高唐县',371500,'3'),(371581,'临清市',371500,'3'),(371600,'滨州市',370000,'2'),(371602,'滨城区',371600,'3'),(371603,'沾化区',371600,'3'),(371621,'惠民县',371600,'3'),(371622,'阳信县',371600,'3'),(371623,'无棣县',371600,'3'),(371625,'博兴县',371600,'3'),(371626,'邹平县',371600,'3'),(371700,'菏泽市',370000,'2'),(371702,'牡丹区',371700,'3'),(371721,'曹县',371700,'3'),(371722,'单县',371700,'3'),(371723,'成武县',371700,'3'),(371724,'巨野县',371700,'3'),(371725,'郓城县',371700,'3'),(371726,'鄄城县',371700,'3'),(371727,'定陶县',371700,'3'),(371728,'东明县',371700,'3'),(410000,'河南省',NULL,'1'),(410100,'郑州市',410000,'2'),(410102,'中原区',410100,'3'),(410103,'二七区',410100,'3'),(410104,'管城回族区',410100,'3'),(410105,'金水区',410100,'3'),(410106,'上街区',410100,'3'),(410108,'惠济区',410100,'3'),(410122,'中牟县',410100,'3'),(410181,'巩义市',410100,'3'),(410182,'荥阳市',410100,'3'),(410183,'新密市',410100,'3'),(410184,'新郑市',410100,'3'),(410185,'登封市',410100,'3'),(410200,'开封市',410000,'2'),(410202,'龙亭区',410200,'3'),(410203,'顺河回族区',410200,'3'),(410204,'鼓楼区',410200,'3'),(410205,'禹王台区',410200,'3'),(410212,'祥符区',410200,'3'),(410221,'杞县',410200,'3'),(410222,'通许县',410200,'3'),(410223,'尉氏县',410200,'3'),(410225,'兰考县',410200,'3'),(410300,'洛阳市',410000,'2'),(410302,'老城区',410300,'3'),(410303,'西工区',410300,'3'),(410304,'瀍河回族区',410300,'3'),(410305,'涧西区',410300,'3'),(410306,'吉利区',410300,'3'),(410311,'洛龙区',410300,'3'),(410322,'孟津县',410300,'3'),(410323,'新安县',410300,'3'),(410324,'栾川县',410300,'3'),(410325,'嵩县',410300,'3'),(410326,'汝阳县',410300,'3'),(410327,'宜阳县',410300,'3'),(410328,'洛宁县',410300,'3'),(410329,'伊川县',410300,'3'),(410381,'偃师市',410300,'3'),(410400,'平顶山市',410000,'2'),(410402,'新华区',410400,'3'),(410403,'卫东区',410400,'3'),(410404,'石龙区',410400,'3'),(410411,'湛河区',410400,'3'),(410421,'宝丰县',410400,'3'),(410422,'叶县',410400,'3'),(410423,'鲁山县',410400,'3'),(410425,'郏县',410400,'3'),(410481,'舞钢市',410400,'3'),(410482,'汝州市',410400,'3'),(410500,'安阳市',410000,'2'),(410502,'文峰区',410500,'3'),(410503,'北关区',410500,'3'),(410505,'殷都区',410500,'3'),(410506,'龙安区',410500,'3'),(410522,'安阳县',410500,'3'),(410523,'汤阴县',410500,'3'),(410526,'滑县',410500,'3'),(410527,'内黄县',410500,'3'),(410581,'林州市',410500,'3'),(410600,'鹤壁市',410000,'2'),(410602,'鹤山区',410600,'3'),(410603,'山城区',410600,'3'),(410611,'淇滨区',410600,'3'),(410621,'浚县',410600,'3'),(410622,'淇县',410600,'3'),(410700,'新乡市',410000,'2'),(410702,'红旗区',410700,'3'),(410703,'卫滨区',410700,'3'),(410704,'凤泉区',410700,'3'),(410711,'牧野区',410700,'3'),(410721,'新乡县',410700,'3'),(410724,'获嘉县',410700,'3'),(410725,'原阳县',410700,'3'),(410726,'延津县',410700,'3'),(410727,'封丘县',410700,'3'),(410728,'长垣县',410700,'3'),(410781,'卫辉市',410700,'3'),(410782,'辉县市',410700,'3'),(410800,'焦作市',410000,'2'),(410802,'解放区',410800,'3'),(410803,'中站区',410800,'3'),(410804,'马村区',410800,'3'),(410811,'山阳区',410800,'3'),(410821,'修武县',410800,'3'),(410822,'博爱县',410800,'3'),(410823,'武陟县',410800,'3'),(410825,'温县',410800,'3'),(410882,'沁阳市',410800,'3'),(410883,'孟州市',410800,'3'),(410900,'濮阳市',410000,'2'),(410902,'华龙区',410900,'3'),(410922,'清丰县',410900,'3'),(410923,'南乐县',410900,'3'),(410926,'范县',410900,'3'),(410927,'台前县',410900,'3'),(410928,'濮阳县',410900,'3'),(411000,'许昌市',410000,'2'),(411002,'魏都区',411000,'3'),(411023,'许昌县',411000,'3'),(411024,'鄢陵县',411000,'3'),(411025,'襄城县',411000,'3'),(411081,'禹州市',411000,'3'),(411082,'长葛市',411000,'3'),(411100,'漯河市',410000,'2'),(411102,'源汇区',411100,'3'),(411103,'郾城区',411100,'3'),(411104,'召陵区',411100,'3'),(411121,'舞阳县',411100,'3'),(411122,'临颍县',411100,'3'),(411200,'三门峡市',410000,'2'),(411202,'湖滨区',411200,'3'),(411203,'陕州区',411200,'3'),(411221,'渑池县',411200,'3'),(411224,'卢氏县',411200,'3'),(411281,'义马市',411200,'3'),(411282,'灵宝市',411200,'3'),(411300,'南阳市',410000,'2'),(411302,'宛城区',411300,'3'),(411303,'卧龙区',411300,'3'),(411321,'南召县',411300,'3'),(411322,'方城县',411300,'3'),(411323,'西峡县',411300,'3'),(411324,'镇平县',411300,'3'),(411325,'内乡县',411300,'3'),(411326,'淅川县',411300,'3'),(411327,'社旗县',411300,'3'),(411328,'唐河县',411300,'3'),(411329,'新野县',411300,'3'),(411330,'桐柏县',411300,'3'),(411381,'邓州市',411300,'3'),(411400,'商丘市',410000,'2'),(411402,'梁园区',411400,'3'),(411403,'睢阳区',411400,'3'),(411421,'民权县',411400,'3'),(411422,'睢县',411400,'3'),(411423,'宁陵县',411400,'3'),(411424,'柘城县',411400,'3'),(411425,'虞城县',411400,'3'),(411426,'夏邑县',411400,'3'),(411481,'永城市',411400,'3'),(411500,'信阳市',410000,'2'),(411502,'浉河区',411500,'3'),(411503,'平桥区',411500,'3'),(411521,'罗山县',411500,'3'),(411522,'光山县',411500,'3'),(411523,'新县',411500,'3'),(411524,'商城县',411500,'3'),(411525,'固始县',411500,'3'),(411526,'潢川县',411500,'3'),(411527,'淮滨县',411500,'3'),(411528,'息县',411500,'3'),(411600,'周口市',410000,'2'),(411602,'川汇区',411600,'3'),(411621,'扶沟县',411600,'3'),(411622,'西华县',411600,'3'),(411623,'商水县',411600,'3'),(411624,'沈丘县',411600,'3'),(411625,'郸城县',411600,'3'),(411626,'淮阳县',411600,'3'),(411627,'太康县',411600,'3'),(411628,'鹿邑县',411600,'3'),(411681,'项城市',411600,'3'),(411700,'驻马店市',410000,'2'),(411702,'驿城区',411700,'3'),(411721,'西平县',411700,'3'),(411722,'上蔡县',411700,'3'),(411723,'平舆县',411700,'3'),(411724,'正阳县',411700,'3'),(411725,'确山县',411700,'3'),(411726,'泌阳县',411700,'3'),(411727,'汝南县',411700,'3'),(411728,'遂平县',411700,'3'),(411729,'新蔡县',411700,'3'),(419001,'济源市',410000,'2'),(420000,'湖北省',NULL,'1'),(420100,'武汉市',420000,'2'),(420102,'江岸区',420100,'3'),(420103,'江汉区',420100,'3'),(420104,'硚口区',420100,'3'),(420105,'汉阳区',420100,'3'),(420106,'武昌区',420100,'3'),(420107,'青山区',420100,'3'),(420111,'洪山区',420100,'3'),(420112,'东西湖区',420100,'3'),(420113,'汉南区',420100,'3'),(420114,'蔡甸区',420100,'3'),(420115,'江夏区',420100,'3'),(420116,'黄陂区',420100,'3'),(420117,'新洲区',420100,'3'),(420200,'黄石市',420000,'2'),(420202,'黄石港区',420200,'3'),(420203,'西塞山区',420200,'3'),(420204,'下陆区',420200,'3'),(420205,'铁山区',420200,'3'),(420222,'阳新县',420200,'3'),(420281,'大冶市',420200,'3'),(420300,'十堰市',420000,'2'),(420302,'茅箭区',420300,'3'),(420303,'张湾区',420300,'3'),(420304,'郧阳区',420300,'3'),(420322,'郧西县',420300,'3'),(420323,'竹山县',420300,'3'),(420324,'竹溪县',420300,'3'),(420325,'房县',420300,'3'),(420381,'丹江口市',420300,'3'),(420500,'宜昌市',420000,'2'),(420502,'西陵区',420500,'3'),(420503,'伍家岗区',420500,'3'),(420504,'点军区',420500,'3'),(420505,'猇亭区',420500,'3'),(420506,'夷陵区',420500,'3'),(420525,'远安县',420500,'3'),(420526,'兴山县',420500,'3'),(420527,'秭归县',420500,'3'),(420528,'长阳土家族自治县',420500,'3'),(420529,'五峰土家族自治县',420500,'3'),(420581,'宜都市',420500,'3'),(420582,'当阳市',420500,'3'),(420583,'枝江市',420500,'3'),(420600,'襄阳市',420000,'2'),(420602,'襄城区',420600,'3'),(420606,'樊城区',420600,'3'),(420607,'襄州区',420600,'3'),(420624,'南漳县',420600,'3'),(420625,'谷城县',420600,'3'),(420626,'保康县',420600,'3'),(420682,'老河口市',420600,'3'),(420683,'枣阳市',420600,'3'),(420684,'宜城市',420600,'3'),(420700,'鄂州市',420000,'2'),(420702,'梁子湖区',420700,'3'),(420703,'华容区',420700,'3'),(420704,'鄂城区',420700,'3'),(420800,'荆门市',420000,'2'),(420802,'东宝区',420800,'3'),(420804,'掇刀区',420800,'3'),(420821,'京山县',420800,'3'),(420822,'沙洋县',420800,'3'),(420881,'钟祥市',420800,'3'),(420900,'孝感市',420000,'2'),(420902,'孝南区',420900,'3'),(420921,'孝昌县',420900,'3'),(420922,'大悟县',420900,'3'),(420923,'云梦县',420900,'3'),(420981,'应城市',420900,'3'),(420982,'安陆市',420900,'3'),(420984,'汉川市',420900,'3'),(421000,'荆州市',420000,'2'),(421002,'沙市区',421000,'3'),(421003,'荆州区',421000,'3'),(421022,'公安县',421000,'3'),(421023,'监利县',421000,'3'),(421024,'江陵县',421000,'3'),(421081,'石首市',421000,'3'),(421083,'洪湖市',421000,'3'),(421087,'松滋市',421000,'3'),(421100,'黄冈市',420000,'2'),(421102,'黄州区',421100,'3'),(421121,'团风县',421100,'3'),(421122,'红安县',421100,'3'),(421123,'罗田县',421100,'3'),(421124,'英山县',421100,'3'),(421125,'浠水县',421100,'3'),(421126,'蕲春县',421100,'3'),(421127,'黄梅县',421100,'3'),(421181,'麻城市',421100,'3'),(421182,'武穴市',421100,'3'),(421200,'咸宁市',420000,'2'),(421202,'咸安区',421200,'3'),(421221,'嘉鱼县',421200,'3'),(421222,'通城县',421200,'3'),(421223,'崇阳县',421200,'3'),(421224,'通山县',421200,'3'),(421281,'赤壁市',421200,'3'),(421300,'随州市',420000,'2'),(421303,'曾都区',421300,'3'),(421321,'随县',421300,'3'),(421381,'广水市',421300,'3'),(422800,'恩施土家族苗族自治州',420000,'2'),(422801,'恩施市',422800,'3'),(422802,'利川市',422800,'3'),(422822,'建始县',422800,'3'),(422823,'巴东县',422800,'3'),(422825,'宣恩县',422800,'3'),(422826,'咸丰县',422800,'3'),(422827,'来凤县',422800,'3'),(422828,'鹤峰县',422800,'3'),(429004,'仙桃市',420000,'2'),(429005,'潜江市',420000,'2'),(429006,'天门市',420000,'2'),(429021,'神农架林区',420000,'2'),(430000,'湖南省',NULL,'1'),(430100,'长沙市',430000,'2'),(430102,'芙蓉区',430100,'3'),(430103,'天心区',430100,'3'),(430104,'岳麓区',430100,'3'),(430105,'开福区',430100,'3'),(430111,'雨花区',430100,'3'),(430112,'望城区',430100,'3'),(430121,'长沙县',430100,'3'),(430124,'宁乡县',430100,'3'),(430181,'浏阳市',430100,'3'),(430200,'株洲市',430000,'2'),(430202,'荷塘区',430200,'3'),(430203,'芦淞区',430200,'3'),(430204,'石峰区',430200,'3'),(430211,'天元区',430200,'3'),(430221,'株洲县',430200,'3'),(430223,'攸县',430200,'3'),(430224,'茶陵县',430200,'3'),(430225,'炎陵县',430200,'3'),(430281,'醴陵市',430200,'3'),(430300,'湘潭市',430000,'2'),(430302,'雨湖区',430300,'3'),(430304,'岳塘区',430300,'3'),(430321,'湘潭县',430300,'3'),(430381,'湘乡市',430300,'3'),(430382,'韶山市',430300,'3'),(430400,'衡阳市',430000,'2'),(430405,'珠晖区',430400,'3'),(430406,'雁峰区',430400,'3'),(430407,'石鼓区',430400,'3'),(430408,'蒸湘区',430400,'3'),(430412,'南岳区',430400,'3'),(430421,'衡阳县',430400,'3'),(430422,'衡南县',430400,'3'),(430423,'衡山县',430400,'3'),(430424,'衡东县',430400,'3'),(430426,'祁东县',430400,'3'),(430481,'耒阳市',430400,'3'),(430482,'常宁市',430400,'3'),(430500,'邵阳市',430000,'2'),(430502,'双清区',430500,'3'),(430503,'大祥区',430500,'3'),(430511,'北塔区',430500,'3'),(430521,'邵东县',430500,'3'),(430522,'新邵县',430500,'3'),(430523,'邵阳县',430500,'3'),(430524,'隆回县',430500,'3'),(430525,'洞口县',430500,'3'),(430527,'绥宁县',430500,'3'),(430528,'新宁县',430500,'3'),(430529,'城步苗族自治县',430500,'3'),(430581,'武冈市',430500,'3'),(430600,'岳阳市',430000,'2'),(430602,'岳阳楼区',430600,'3'),(430603,'云溪区',430600,'3'),(430611,'君山区',430600,'3'),(430621,'岳阳县',430600,'3'),(430623,'华容县',430600,'3'),(430624,'湘阴县',430600,'3'),(430626,'平江县',430600,'3'),(430681,'汨罗市',430600,'3'),(430682,'临湘市',430600,'3'),(430700,'常德市',430000,'2'),(430702,'武陵区',430700,'3'),(430703,'鼎城区',430700,'3'),(430721,'安乡县',430700,'3'),(430722,'汉寿县',430700,'3'),(430723,'澧县',430700,'3'),(430724,'临澧县',430700,'3'),(430725,'桃源县',430700,'3'),(430726,'石门县',430700,'3'),(430781,'津市市',430700,'3'),(430800,'张家界市',430000,'2'),(430802,'永定区',430800,'3'),(430811,'武陵源区',430800,'3'),(430821,'慈利县',430800,'3'),(430822,'桑植县',430800,'3'),(430900,'益阳市',430000,'2'),(430902,'资阳区',430900,'3'),(430903,'赫山区',430900,'3'),(430921,'南县',430900,'3'),(430922,'桃江县',430900,'3'),(430923,'安化县',430900,'3'),(430981,'沅江市',430900,'3'),(431000,'郴州市',430000,'2'),(431002,'北湖区',431000,'3'),(431003,'苏仙区',431000,'3'),(431021,'桂阳县',431000,'3'),(431022,'宜章县',431000,'3'),(431023,'永兴县',431000,'3'),(431024,'嘉禾县',431000,'3'),(431025,'临武县',431000,'3'),(431026,'汝城县',431000,'3'),(431027,'桂东县',431000,'3'),(431028,'安仁县',431000,'3'),(431081,'资兴市',431000,'3'),(431100,'永州市',430000,'2'),(431102,'零陵区',431100,'3'),(431103,'冷水滩区',431100,'3'),(431121,'祁阳县',431100,'3'),(431122,'东安县',431100,'3'),(431123,'双牌县',431100,'3'),(431124,'道县',431100,'3'),(431125,'江永县',431100,'3'),(431126,'宁远县',431100,'3'),(431127,'蓝山县',431100,'3'),(431128,'新田县',431100,'3'),(431129,'江华瑶族自治县',431100,'3'),(431200,'怀化市',430000,'2'),(431202,'鹤城区',431200,'3'),(431221,'中方县',431200,'3'),(431222,'沅陵县',431200,'3'),(431223,'辰溪县',431200,'3'),(431224,'溆浦县',431200,'3'),(431225,'会同县',431200,'3'),(431226,'麻阳苗族自治县',431200,'3'),(431227,'新晃侗族自治县',431200,'3'),(431228,'芷江侗族自治县',431200,'3'),(431229,'靖州苗族侗族自治县',431200,'3'),(431230,'通道侗族自治县',431200,'3'),(431281,'洪江市',431200,'3'),(431300,'娄底市',430000,'2'),(431302,'娄星区',431300,'3'),(431321,'双峰县',431300,'3'),(431322,'新化县',431300,'3'),(431381,'冷水江市',431300,'3'),(431382,'涟源市',431300,'3'),(433100,'湘西土家族苗族自治州',430000,'2'),(433101,'吉首市',433100,'3'),(433122,'泸溪县',433100,'3'),(433123,'凤凰县',433100,'3'),(433124,'花垣县',433100,'3'),(433125,'保靖县',433100,'3'),(433126,'古丈县',433100,'3'),(433127,'永顺县',433100,'3'),(433130,'龙山县',433100,'3'),(440000,'广东省',NULL,'1'),(440100,'广州市',440000,'2'),(440103,'荔湾区',440100,'3'),(440104,'越秀区',440100,'3'),(440105,'海珠区',440100,'3'),(440106,'天河区',440100,'3'),(440111,'白云区',440100,'3'),(440112,'黄埔区',440100,'3'),(440113,'番禺区',440100,'3'),(440114,'花都区',440100,'3'),(440115,'南沙区',440100,'3'),(440117,'从化区',440100,'3'),(440118,'增城区',440100,'3'),(440200,'韶关市',440000,'2'),(440203,'武江区',440200,'3'),(440204,'浈江区',440200,'3'),(440205,'曲江区',440200,'3'),(440222,'始兴县',440200,'3'),(440224,'仁化县',440200,'3'),(440229,'翁源县',440200,'3'),(440232,'乳源瑶族自治县',440200,'3'),(440233,'新丰县',440200,'3'),(440281,'乐昌市',440200,'3'),(440282,'南雄市',440200,'3'),(440300,'深圳市',440000,'2'),(440303,'罗湖区',440300,'3'),(440304,'福田区',440300,'3'),(440305,'南山区',440300,'3'),(440306,'宝安区',440300,'3'),(440307,'龙岗区',440300,'3'),(440308,'盐田区',440300,'3'),(440400,'珠海市',440000,'2'),(440402,'香洲区',440400,'3'),(440403,'斗门区',440400,'3'),(440404,'金湾区',440400,'3'),(440500,'汕头市',440000,'2'),(440507,'龙湖区',440500,'3'),(440511,'金平区',440500,'3'),(440512,'濠江区',440500,'3'),(440513,'潮阳区',440500,'3'),(440514,'潮南区',440500,'3'),(440515,'澄海区',440500,'3'),(440523,'南澳县',440500,'3'),(440600,'佛山市',440000,'2'),(440604,'禅城区',440600,'3'),(440605,'南海区',440600,'3'),(440606,'顺德区',440600,'3'),(440607,'三水区',440600,'3'),(440608,'高明区',440600,'3'),(440700,'江门市',440000,'2'),(440703,'蓬江区',440700,'3'),(440704,'江海区',440700,'3'),(440705,'新会区',440700,'3'),(440781,'台山市',440700,'3'),(440783,'开平市',440700,'3'),(440784,'鹤山市',440700,'3'),(440785,'恩平市',440700,'3'),(440800,'湛江市',440000,'2'),(440802,'赤坎区',440800,'3'),(440803,'霞山区',440800,'3'),(440804,'坡头区',440800,'3'),(440811,'麻章区',440800,'3'),(440823,'遂溪县',440800,'3'),(440825,'徐闻县',440800,'3'),(440881,'廉江市',440800,'3'),(440882,'雷州市',440800,'3'),(440883,'吴川市',440800,'3'),(440900,'茂名市',440000,'2'),(440902,'茂南区',440900,'3'),(440904,'电白区',440900,'3'),(440981,'高州市',440900,'3'),(440982,'化州市',440900,'3'),(440983,'信宜市',440900,'3'),(441200,'肇庆市',440000,'2'),(441202,'端州区',441200,'3'),(441203,'鼎湖区',441200,'3'),(441223,'广宁县',441200,'3'),(441224,'怀集县',441200,'3'),(441225,'封开县',441200,'3'),(441226,'德庆县',441200,'3'),(441283,'高要区',441200,'3'),(441284,'四会市',441200,'3'),(441300,'惠州市',440000,'2'),(441302,'惠城区',441300,'3'),(441303,'惠阳区',441300,'3'),(441322,'博罗县',441300,'3'),(441323,'惠东县',441300,'3'),(441324,'龙门县',441300,'3'),(441400,'梅州市',440000,'2'),(441402,'梅江区',441400,'3'),(441403,'梅县区',441400,'3'),(441422,'大埔县',441400,'3'),(441423,'丰顺县',441400,'3'),(441424,'五华县',441400,'3'),(441426,'平远县',441400,'3'),(441427,'蕉岭县',441400,'3'),(441481,'兴宁市',441400,'3'),(441500,'汕尾市',440000,'2'),(441502,'城区',441500,'3'),(441521,'海丰县',441500,'3'),(441523,'陆河县',441500,'3'),(441581,'陆丰市',441500,'3'),(441600,'河源市',440000,'2'),(441602,'源城区',441600,'3'),(441621,'紫金县',441600,'3'),(441622,'龙川县',441600,'3'),(441623,'连平县',441600,'3'),(441624,'和平县',441600,'3'),(441625,'东源县',441600,'3'),(441700,'阳江市',440000,'2'),(441702,'江城区',441700,'3'),(441704,'阳东区',441700,'3'),(441721,'阳西县',441700,'3'),(441781,'阳春市',441700,'3'),(441800,'清远市',440000,'2'),(441802,'清城区',441800,'3'),(441803,'清新区',441800,'3'),(441821,'佛冈县',441800,'3'),(441823,'阳山县',441800,'3'),(441825,'连山壮族瑶族自治县',441800,'3'),(441826,'连南瑶族自治县',441800,'3'),(441881,'英德市',441800,'3'),(441882,'连州市',441800,'3'),(441900,'东莞市',440000,'2'),(441901,'长安镇',441900,'3'),(441902,'莞城区',441900,'3'),(441903,'南城区',441900,'3'),(441904,'寮步镇',441900,'3'),(441905,'大岭山镇',441900,'3'),(441906,'横沥镇',441900,'3'),(441907,'常平镇',441900,'3'),(441908,'厚街镇',441900,'3'),(441909,'万江区',441900,'3'),(441910,'樟木头镇',441900,'3'),(441911,'塘厦镇',441900,'3'),(441912,'凤岗镇',441900,'3'),(441913,'大朗镇',441900,'3'),(441914,'东坑镇',441900,'3'),(441915,'清溪镇',441900,'3'),(441916,'企石镇',441900,'3'),(441917,'茶山镇',441900,'3'),(441918,'东城区',441900,'3'),(441919,'虎门镇',441900,'3'),(441920,'黄江镇',441900,'3'),(441921,'石排镇',441900,'3'),(441922,'道滘镇',441900,'3'),(441923,'沙田镇',441900,'3'),(441924,'高埗镇',441900,'3'),(441925,'石龙镇',441900,'3'),(441926,'石碣镇',441900,'3'),(441927,'洪梅镇',441900,'3'),(441928,'麻涌镇',441900,'3'),(441929,'松山湖',441900,'3'),(441930,'桥头镇',441900,'3'),(441931,'望牛墩镇',441900,'3'),(441932,'中堂镇',441900,'3'),(441933,'谢岗镇',441900,'3'),(442000,'中山市',440000,'2'),(442001,'城区',442000,'3'),(442002,'火炬开发区',442000,'3'),(442003,'小榄镇',442000,'3'),(442004,'古镇',442000,'3'),(442005,'三乡镇',442000,'3'),(442006,'民众镇',442000,'3'),(442007,'东凤县',442000,'3'),(442008,'板芙镇',442000,'3'),(442009,'神湾镇',442000,'3'),(442010,'横栏镇',442000,'3'),(442011,'港口镇',442000,'3'),(442012,'三角镇',442000,'3'),(442013,'大涌镇',442000,'3'),(442014,'南头镇',442000,'3'),(442015,'沙溪镇',442000,'3'),(442016,'坦洲镇',442000,'3'),(442017,'黄圃镇',442000,'3'),(442018,'五桂山镇',442000,'3'),(442019,'南朗镇',442000,'3'),(442020,'沙浪镇',442000,'3'),(442021,'阜沙镇',442000,'3'),(442022,'东升镇',442000,'3'),(445100,'潮州市',440000,'2'),(445102,'湘桥区',445100,'3'),(445103,'潮安区',445100,'3'),(445122,'饶平县',445100,'3'),(445200,'揭阳市',440000,'2'),(445202,'榕城区',445200,'3'),(445203,'揭东区',445200,'3'),(445222,'揭西县',445200,'3'),(445224,'惠来县',445200,'3'),(445281,'普宁市',445200,'3'),(445300,'云浮市',440000,'2'),(445302,'云城区',445300,'3'),(445303,'云安区',445300,'3'),(445321,'新兴县',445300,'3'),(445322,'郁南县',445300,'3'),(445381,'罗定市',445300,'3'),(450000,'广西壮族自治区',NULL,'1'),(450100,'南宁市',450000,'2'),(450102,'兴宁区',450100,'3'),(450103,'青秀区',450100,'3'),(450105,'江南区',450100,'3'),(450107,'西乡塘区',450100,'3'),(450108,'良庆区',450100,'3'),(450109,'邕宁区',450100,'3'),(450110,'武鸣区',450100,'3'),(450123,'隆安县',450100,'3'),(450124,'马山县',450100,'3'),(450125,'上林县',450100,'3'),(450126,'宾阳县',450100,'3'),(450127,'横县',450100,'3'),(450200,'柳州市',450000,'2'),(450202,'城中区',450200,'3'),(450203,'鱼峰区',450200,'3'),(450204,'柳南区',450200,'3'),(450205,'柳北区',450200,'3'),(450221,'柳江县',450200,'3'),(450222,'柳城县',450200,'3'),(450223,'鹿寨县',450200,'3'),(450224,'融安县',450200,'3'),(450225,'融水苗族自治县',450200,'3'),(450226,'三江侗族自治县',450200,'3'),(450300,'桂林市',450000,'2'),(450302,'秀峰区',450300,'3'),(450303,'叠彩区',450300,'3'),(450304,'象山区',450300,'3'),(450305,'七星区',450300,'3'),(450311,'雁山区',450300,'3'),(450312,'临桂区',450300,'3'),(450321,'阳朔县',450300,'3'),(450323,'灵川县',450300,'3'),(450324,'全州县',450300,'3'),(450325,'兴安县',450300,'3'),(450326,'永福县',450300,'3'),(450327,'灌阳县',450300,'3'),(450328,'龙胜各族自治县',450300,'3'),(450329,'资源县',450300,'3'),(450330,'平乐县',450300,'3'),(450331,'荔浦县',450300,'3'),(450332,'恭城瑶族自治县',450300,'3'),(450400,'梧州市',450000,'2'),(450403,'万秀区',450400,'3'),(450405,'长洲区',450400,'3'),(450406,'龙圩区',450400,'3'),(450421,'苍梧县',450400,'3'),(450422,'藤县',450400,'3'),(450423,'蒙山县',450400,'3'),(450481,'岑溪市',450400,'3'),(450500,'北海市',450000,'2'),(450502,'海城区',450500,'3'),(450503,'银海区',450500,'3'),(450512,'铁山港区',450500,'3'),(450521,'合浦县',450500,'3'),(450600,'防城港市',450000,'2'),(450602,'港口区',450600,'3'),(450603,'防城区',450600,'3'),(450621,'上思县',450600,'3'),(450681,'东兴市',450600,'3'),(450700,'钦州市',450000,'2'),(450702,'钦南区',450700,'3'),(450703,'钦北区',450700,'3'),(450721,'灵山县',450700,'3'),(450722,'浦北县',450700,'3'),(450800,'贵港市',450000,'2'),(450802,'港北区',450800,'3'),(450803,'港南区',450800,'3'),(450804,'覃塘区',450800,'3'),(450821,'平南县',450800,'3'),(450881,'桂平市',450800,'3'),(450900,'玉林市',450000,'2'),(450902,'玉州区',450900,'3'),(450903,'福绵区',450900,'3'),(450921,'容县',450900,'3'),(450922,'陆川县',450900,'3'),(450923,'博白县',450900,'3'),(450924,'兴业县',450900,'3'),(450981,'北流市',450900,'3'),(451000,'百色市',450000,'2'),(451002,'右江区',451000,'3'),(451021,'田阳县',451000,'3'),(451022,'田东县',451000,'3'),(451023,'平果县',451000,'3'),(451024,'德保县',451000,'3'),(451025,'靖西县',451000,'3'),(451026,'那坡县',451000,'3'),(451027,'凌云县',451000,'3'),(451028,'乐业县',451000,'3'),(451029,'田林县',451000,'3'),(451030,'西林县',451000,'3'),(451031,'隆林各族自治县',451000,'3'),(451100,'贺州市',450000,'2'),(451102,'八步区',451100,'3'),(451121,'昭平县',451100,'3'),(451122,'钟山县',451100,'3'),(451123,'富川瑶族自治县',451100,'3'),(451200,'河池市',450000,'2'),(451202,'金城江区',451200,'3'),(451221,'南丹县',451200,'3'),(451222,'天峨县',451200,'3'),(451223,'凤山县',451200,'3'),(451224,'东兰县',451200,'3'),(451225,'罗城仫佬族自治县',451200,'3'),(451226,'环江毛南族自治县',451200,'3'),(451227,'巴马瑶族自治县',451200,'3'),(451228,'都安瑶族自治县',451200,'3'),(451229,'大化瑶族自治县',451200,'3'),(451281,'宜州市',451200,'3'),(451300,'来宾市',450000,'2'),(451302,'兴宾区',451300,'3'),(451321,'忻城县',451300,'3'),(451322,'象州县',451300,'3'),(451323,'武宣县',451300,'3'),(451324,'金秀瑶族自治县',451300,'3'),(451381,'合山市',451300,'3'),(451400,'崇左市',450000,'2'),(451402,'江州区',451400,'3'),(451421,'扶绥县',451400,'3'),(451422,'宁明县',451400,'3'),(451423,'龙州县',451400,'3'),(451424,'大新县',451400,'3'),(451425,'天等县',451400,'3'),(451481,'凭祥市',451400,'3'),(460000,'海南省',NULL,'1'),(460100,'海口市',460000,'2'),(460105,'秀英区',460100,'3'),(460106,'龙华区',460100,'3'),(460107,'琼山区',460100,'3'),(460108,'美兰区',460100,'3'),(460200,'三亚市',460000,'2'),(460201,'三亚湾',460200,'3'),(460202,'海棠区',460200,'3'),(460203,'吉阳区',460200,'3'),(460204,'天涯区',460200,'3'),(460205,'崖州区',460200,'3'),(460300,'三沙市',460000,'2'),(460321,'西沙群岛',460300,'3'),(460322,'南沙群岛',460300,'3'),(460323,'中沙群岛的岛礁及其海域',460300,'3'),(460400,'儋州市',460000,'2'),(469001,'五指山市',460000,'2'),(469002,'琼海市',460000,'2'),(469005,'文昌市',460000,'2'),(469006,'万宁市',460000,'2'),(469007,'东方市',460000,'2'),(469021,'定安县',460000,'2'),(469022,'屯昌县',460000,'2'),(469023,'澄迈县',460000,'2'),(469024,'临高县',460000,'2'),(469025,'白沙黎族自治县',460000,'2'),(469026,'昌江黎族自治县',460000,'2'),(469027,'乐东黎族自治县',460000,'2'),(469028,'陵水黎族自治县',460000,'2'),(469029,'保亭黎族苗族自治县',460000,'2'),(469030,'琼中黎族苗族自治县',460000,'2'),(500000,'重庆市',NULL,'1'),(500100,'重庆市',500000,'2'),(500101,'万州区',500100,'3'),(500102,'涪陵区',500100,'3'),(500103,'渝中区',500100,'3'),(500104,'大渡口区',500100,'3'),(500105,'江北区',500100,'3'),(500106,'沙坪坝区',500100,'3'),(500107,'九龙坡区',500100,'3'),(500108,'南岸区',500100,'3'),(500109,'北碚区',500100,'3'),(500110,'綦江区',500100,'3'),(500111,'大足区',500100,'3'),(500112,'渝北区',500100,'3'),(500113,'巴南区',500100,'3'),(500114,'黔江区',500100,'3'),(500115,'长寿区',500100,'3'),(500116,'江津区',500100,'3'),(500117,'合川区',500100,'3'),(500118,'永川区',500100,'3'),(500119,'南川区',500100,'3'),(500120,'璧山区',500100,'3'),(500151,'铜梁区',500100,'3'),(500223,'潼南区',500100,'3'),(500226,'荣昌区',500100,'3'),(500228,'梁平县',500100,'3'),(500229,'城口县',500100,'3'),(500230,'丰都县',500100,'3'),(500231,'垫江县',500100,'3'),(500232,'武隆县',500100,'3'),(500233,'忠县',500100,'3'),(500234,'开县',500100,'3'),(500235,'云阳县',500100,'3'),(500236,'奉节县',500100,'3'),(500237,'巫山县',500100,'3'),(500238,'巫溪县',500100,'3'),(500240,'石柱土家族自治县',500100,'3'),(500241,'秀山土家族苗族自治县',500100,'3'),(500242,'酉阳土家族苗族自治县',500100,'3'),(500243,'彭水苗族土家族自治县',500100,'3'),(510000,'四川省',NULL,'1'),(510100,'成都市',510000,'2'),(510104,'锦江区',510100,'3'),(510105,'青羊区',510100,'3'),(510106,'金牛区',510100,'3'),(510107,'武侯区',510100,'3'),(510108,'成华区',510100,'3'),(510112,'龙泉驿区',510100,'3'),(510113,'青白江区',510100,'3'),(510114,'新都区',510100,'3'),(510115,'温江区',510100,'3'),(510117,'高新区',510100,'3'),(510121,'金堂县',510100,'3'),(510122,'双流县',510100,'3'),(510124,'郫县',510100,'3'),(510129,'大邑县',510100,'3'),(510131,'蒲江县',510100,'3'),(510132,'新津县',510100,'3'),(510181,'都江堰市',510100,'3'),(510182,'彭州市',510100,'3'),(510183,'邛崃市',510100,'3'),(510184,'崇州市',510100,'3'),(510300,'自贡市',510000,'2'),(510302,'自流井区',510300,'3'),(510303,'贡井区',510300,'3'),(510304,'大安区',510300,'3'),(510311,'沿滩区',510300,'3'),(510321,'荣县',510300,'3'),(510322,'富顺县',510300,'3'),(510400,'攀枝花市',510000,'2'),(510402,'东区',510400,'3'),(510403,'西区',510400,'3'),(510411,'仁和区',510400,'3'),(510421,'米易县',510400,'3'),(510422,'盐边县',510400,'3'),(510500,'泸州市',510000,'2'),(510502,'江阳区',510500,'3'),(510503,'纳溪区',510500,'3'),(510504,'龙马潭区',510500,'3'),(510521,'泸县',510500,'3'),(510522,'合江县',510500,'3'),(510524,'叙永县',510500,'3'),(510525,'古蔺县',510500,'3'),(510600,'德阳市',510000,'2'),(510603,'旌阳区',510600,'3'),(510623,'中江县',510600,'3'),(510626,'罗江县',510600,'3'),(510681,'广汉市',510600,'3'),(510682,'什邡市',510600,'3'),(510683,'绵竹市',510600,'3'),(510700,'绵阳市',510000,'2'),(510703,'涪城区',510700,'3'),(510704,'游仙区',510700,'3'),(510722,'三台县',510700,'3'),(510723,'盐亭县',510700,'3'),(510724,'安县',510700,'3'),(510725,'梓潼县',510700,'3'),(510726,'北川羌族自治县',510700,'3'),(510727,'平武县',510700,'3'),(510781,'江油市',510700,'3'),(510800,'广元市',510000,'2'),(510802,'利州区',510800,'3'),(510811,'昭化区',510800,'3'),(510812,'朝天区',510800,'3'),(510821,'旺苍县',510800,'3'),(510822,'青川县',510800,'3'),(510823,'剑阁县',510800,'3'),(510824,'苍溪县',510800,'3'),(510900,'遂宁市',510000,'2'),(510903,'船山区',510900,'3'),(510904,'安居区',510900,'3'),(510921,'蓬溪县',510900,'3'),(510922,'射洪县',510900,'3'),(510923,'大英县',510900,'3'),(511000,'内江市',510000,'2'),(511002,'市中区',511000,'3'),(511011,'东兴区',511000,'3'),(511024,'威远县',511000,'3'),(511025,'资中县',511000,'3'),(511028,'隆昌县',511000,'3'),(511100,'乐山市',510000,'2'),(511102,'市中区',511100,'3'),(511111,'沙湾区',511100,'3'),(511112,'五通桥区',511100,'3'),(511113,'金口河区',511100,'3'),(511123,'犍为县',511100,'3'),(511124,'井研县',511100,'3'),(511126,'夹江县',511100,'3'),(511129,'沐川县',511100,'3'),(511132,'峨边彝族自治县',511100,'3'),(511133,'马边彝族自治县',511100,'3'),(511181,'峨眉山市',511100,'3'),(511300,'南充市',510000,'2'),(511302,'顺庆区',511300,'3'),(511303,'高坪区',511300,'3'),(511304,'嘉陵区',511300,'3'),(511321,'南部县',511300,'3'),(511322,'营山县',511300,'3'),(511323,'蓬安县',511300,'3'),(511324,'仪陇县',511300,'3'),(511325,'西充县',511300,'3'),(511381,'阆中市',511300,'3'),(511400,'眉山市',510000,'2'),(511402,'东坡区',511400,'3'),(511403,'彭山区',511400,'3'),(511421,'仁寿县',511400,'3'),(511423,'洪雅县',511400,'3'),(511424,'丹棱县',511400,'3'),(511425,'青神县',511400,'3'),(511500,'宜宾市',510000,'2'),(511502,'翠屏区',511500,'3'),(511503,'南溪区',511500,'3'),(511521,'宜宾县',511500,'3'),(511523,'江安县',511500,'3'),(511524,'长宁县',511500,'3'),(511525,'高县',511500,'3'),(511526,'珙县',511500,'3'),(511527,'筠连县',511500,'3'),(511528,'兴文县',511500,'3'),(511529,'屏山县',511500,'3'),(511600,'广安市',510000,'2'),(511602,'广安区',511600,'3'),(511603,'前锋区',511600,'3'),(511621,'岳池县',511600,'3'),(511622,'武胜县',511600,'3'),(511623,'邻水县',511600,'3'),(511681,'华蓥市',511600,'3'),(511700,'达州市',510000,'2'),(511702,'通川区',511700,'3'),(511703,'达川区',511700,'3'),(511722,'宣汉县',511700,'3'),(511723,'开江县',511700,'3'),(511724,'大竹县',511700,'3'),(511725,'渠县',511700,'3'),(511781,'万源市',511700,'3'),(511800,'雅安市',510000,'2'),(511802,'雨城区',511800,'3'),(511803,'名山区',511800,'3'),(511822,'荥经县',511800,'3'),(511823,'汉源县',511800,'3'),(511824,'石棉县',511800,'3'),(511825,'天全县',511800,'3'),(511826,'芦山县',511800,'3'),(511827,'宝兴县',511800,'3'),(511900,'巴中市',510000,'2'),(511902,'巴州区',511900,'3'),(511903,'恩阳区',511900,'3'),(511921,'通江县',511900,'3'),(511922,'南江县',511900,'3'),(511923,'平昌县',511900,'3'),(512000,'资阳市',510000,'2'),(512002,'雁江区',512000,'3'),(512021,'安岳县',512000,'3'),(512022,'乐至县',512000,'3'),(512081,'简阳市',512000,'3'),(513200,'阿坝藏族羌族自治州',510000,'2'),(513221,'汶川县',513200,'3'),(513222,'理县',513200,'3'),(513223,'茂县',513200,'3'),(513224,'松潘县',513200,'3'),(513225,'九寨沟县',513200,'3'),(513226,'金川县',513200,'3'),(513227,'小金县',513200,'3'),(513228,'黑水县',513200,'3'),(513229,'马尔康县',513200,'3'),(513230,'壤塘县',513200,'3'),(513231,'阿坝县',513200,'3'),(513232,'若尔盖县',513200,'3'),(513233,'红原县',513200,'3'),(513300,'甘孜藏族自治州',510000,'2'),(513301,'康定市',513300,'3'),(513322,'泸定县',513300,'3'),(513323,'丹巴县',513300,'3'),(513324,'九龙县',513300,'3'),(513325,'雅江县',513300,'3'),(513326,'道孚县',513300,'3'),(513327,'炉霍县',513300,'3'),(513328,'甘孜县',513300,'3'),(513329,'新龙县',513300,'3'),(513330,'德格县',513300,'3'),(513331,'白玉县',513300,'3'),(513332,'石渠县',513300,'3'),(513333,'色达县',513300,'3'),(513334,'理塘县',513300,'3'),(513335,'巴塘县',513300,'3'),(513336,'乡城县',513300,'3'),(513337,'稻城县',513300,'3'),(513338,'得荣县',513300,'3'),(513400,'凉山彝族自治州',510000,'2'),(513401,'西昌市',513400,'3'),(513422,'木里藏族自治县',513400,'3'),(513423,'盐源县',513400,'3'),(513424,'德昌县',513400,'3'),(513425,'会理县',513400,'3'),(513426,'会东县',513400,'3'),(513427,'宁南县',513400,'3'),(513428,'普格县',513400,'3'),(513429,'布拖县',513400,'3'),(513430,'金阳县',513400,'3'),(513431,'昭觉县',513400,'3'),(513432,'喜德县',513400,'3'),(513433,'冕宁县',513400,'3'),(513434,'越西县',513400,'3'),(513435,'甘洛县',513400,'3'),(513436,'美姑县',513400,'3'),(513437,'雷波县',513400,'3'),(520000,'贵州省',NULL,'1'),(520100,'贵阳市',520000,'2'),(520102,'南明区',520100,'3'),(520103,'云岩区',520100,'3'),(520111,'花溪区',520100,'3'),(520112,'乌当区',520100,'3'),(520113,'白云区',520100,'3'),(520115,'观山湖区',520100,'3'),(520121,'开阳县',520100,'3'),(520122,'息烽县',520100,'3'),(520123,'修文县',520100,'3'),(520181,'清镇市',520100,'3'),(520200,'六盘水市',520000,'2'),(520201,'钟山区',520200,'3'),(520203,'六枝特区',520200,'3'),(520221,'水城县',520200,'3'),(520222,'盘县',520200,'3'),(520300,'遵义市',520000,'2'),(520302,'红花岗区',520300,'3'),(520303,'汇川区',520300,'3'),(520321,'遵义县',520300,'3'),(520322,'桐梓县',520300,'3'),(520323,'绥阳县',520300,'3'),(520324,'正安县',520300,'3'),(520325,'道真仡佬族苗族自治县',520300,'3'),(520326,'务川仡佬族苗族自治县',520300,'3'),(520327,'凤冈县',520300,'3'),(520328,'湄潭县',520300,'3'),(520329,'余庆县',520300,'3'),(520330,'习水县',520300,'3'),(520381,'赤水市',520300,'3'),(520382,'仁怀市',520300,'3'),(520400,'安顺市',520000,'2'),(520402,'西秀区',520400,'3'),(520403,'平坝区',520400,'3'),(520422,'普定县',520400,'3'),(520423,'镇宁布依族苗族自治县',520400,'3'),(520424,'关岭布依族苗族自治县',520400,'3'),(520425,'紫云苗族布依族自治县',520400,'3'),(520500,'毕节市',520000,'2'),(520502,'七星关区',520500,'3'),(520521,'大方县',520500,'3'),(520522,'黔西县',520500,'3'),(520523,'金沙县',520500,'3'),(520524,'织金县',520500,'3'),(520525,'纳雍县',520500,'3'),(520526,'威宁彝族回族苗族自治县',520500,'3'),(520527,'赫章县',520500,'3'),(520600,'铜仁市',520000,'2'),(520602,'碧江区',520600,'3'),(520603,'万山区',520600,'3'),(520621,'江口县',520600,'3'),(520622,'玉屏侗族自治县',520600,'3'),(520623,'石阡县',520600,'3'),(520624,'思南县',520600,'3'),(520625,'印江土家族苗族自治县',520600,'3'),(520626,'德江县',520600,'3'),(520627,'沿河土家族自治县',520600,'3'),(520628,'松桃苗族自治县',520600,'3'),(522300,'黔西南布依族苗族自治州',520000,'2'),(522301,'兴义市',522300,'3'),(522322,'兴仁县',522300,'3'),(522323,'普安县',522300,'3'),(522324,'晴隆县',522300,'3'),(522325,'贞丰县',522300,'3'),(522326,'望谟县',522300,'3'),(522327,'册亨县',522300,'3'),(522328,'安龙县',522300,'3'),(522600,'黔东南苗族侗族自治州',520000,'2'),(522601,'凯里市',522600,'3'),(522622,'黄平县',522600,'3'),(522623,'施秉县',522600,'3'),(522624,'三穗县',522600,'3'),(522625,'镇远县',522600,'3'),(522626,'岑巩县',522600,'3'),(522627,'天柱县',522600,'3'),(522628,'锦屏县',522600,'3'),(522629,'剑河县',522600,'3'),(522630,'台江县',522600,'3'),(522631,'黎平县',522600,'3'),(522632,'榕江县',522600,'3'),(522633,'从江县',522600,'3'),(522634,'雷山县',522600,'3'),(522635,'麻江县',522600,'3'),(522636,'丹寨县',522600,'3'),(522700,'黔南布依族苗族自治州',520000,'2'),(522701,'都匀市',522700,'3'),(522702,'福泉市',522700,'3'),(522722,'荔波县',522700,'3'),(522723,'贵定县',522700,'3'),(522725,'瓮安县',522700,'3'),(522726,'独山县',522700,'3'),(522727,'平塘县',522700,'3'),(522728,'罗甸县',522700,'3'),(522729,'长顺县',522700,'3'),(522730,'龙里县',522700,'3'),(522731,'惠水县',522700,'3'),(522732,'三都水族自治县',522700,'3'),(530000,'云南省',NULL,'1'),(530100,'昆明市',530000,'2'),(530102,'五华区',530100,'3'),(530103,'盘龙区',530100,'3'),(530111,'官渡区',530100,'3'),(530112,'西山区',530100,'3'),(530113,'东川区',530100,'3'),(530114,'呈贡区',530100,'3'),(530122,'晋宁县',530100,'3'),(530124,'富民县',530100,'3'),(530125,'宜良县',530100,'3'),(530126,'石林彝族自治县',530100,'3'),(530127,'嵩明县',530100,'3'),(530128,'禄劝彝族苗族自治县',530100,'3'),(530129,'寻甸回族彝族自治县',530100,'3'),(530181,'安宁市',530100,'3'),(530300,'曲靖市',530000,'2'),(530302,'麒麟区',530300,'3'),(530321,'马龙县',530300,'3'),(530322,'陆良县',530300,'3'),(530323,'师宗县',530300,'3'),(530324,'罗平县',530300,'3'),(530325,'富源县',530300,'3'),(530326,'会泽县',530300,'3'),(530328,'沾益区',530300,'3'),(530381,'宣威市',530300,'3'),(530400,'玉溪市',530000,'2'),(530402,'红塔区',530400,'3'),(530421,'江川县',530400,'3'),(530422,'澄江县',530400,'3'),(530423,'通海县',530400,'3'),(530424,'华宁县',530400,'3'),(530425,'易门县',530400,'3'),(530426,'峨山彝族自治县',530400,'3'),(530427,'新平彝族傣族自治县',530400,'3'),(530428,'元江哈尼族彝族傣族自治县',530400,'3'),(530500,'保山市',530000,'2'),(530502,'隆阳区',530500,'3'),(530521,'施甸县',530500,'3'),(530522,'腾冲县',530500,'3'),(530523,'龙陵县',530500,'3'),(530524,'昌宁县',530500,'3'),(530600,'昭通市',530000,'2'),(530602,'昭阳区',530600,'3'),(530621,'鲁甸县',530600,'3'),(530622,'巧家县',530600,'3'),(530623,'盐津县',530600,'3'),(530624,'大关县',530600,'3'),(530625,'永善县',530600,'3'),(530626,'绥江县',530600,'3'),(530627,'镇雄县',530600,'3'),(530628,'彝良县',530600,'3'),(530629,'威信县',530600,'3'),(530630,'水富县',530600,'3'),(530700,'丽江市',530000,'2'),(530702,'古城区',530700,'3'),(530721,'玉龙纳西族自治县',530700,'3'),(530722,'永胜县',530700,'3'),(530723,'华坪县',530700,'3'),(530724,'宁蒗彝族自治县',530700,'3'),(530800,'普洱市',530000,'2'),(530802,'思茅区',530800,'3'),(530821,'宁洱哈尼族彝族自治县',530800,'3'),(530822,'墨江哈尼族自治县',530800,'3'),(530823,'景东彝族自治县',530800,'3'),(530824,'景谷傣族彝族自治县',530800,'3'),(530825,'镇沅彝族哈尼族拉祜族自治县',530800,'3'),(530826,'江城哈尼族彝族自治县',530800,'3'),(530827,'孟连傣族拉祜族佤族自治县',530800,'3'),(530828,'澜沧拉祜族自治县',530800,'3'),(530829,'西盟佤族自治县',530800,'3'),(530900,'临沧市',530000,'2'),(530902,'临翔区',530900,'3'),(530921,'凤庆县',530900,'3'),(530922,'云县',530900,'3'),(530923,'永德县',530900,'3'),(530924,'镇康县',530900,'3'),(530925,'双江拉祜族佤族布朗族傣族自治县',530900,'3'),(530926,'耿马傣族佤族自治县',530900,'3'),(530927,'沧源佤族自治县',530900,'3'),(532300,'楚雄彝族自治州',530000,'2'),(532301,'楚雄市',532300,'3'),(532322,'双柏县',532300,'3'),(532323,'牟定县',532300,'3'),(532324,'南华县',532300,'3'),(532325,'姚安县',532300,'3'),(532326,'大姚县',532300,'3'),(532327,'永仁县',532300,'3'),(532328,'元谋县',532300,'3'),(532329,'武定县',532300,'3'),(532331,'禄丰县',532300,'3'),(532500,'红河哈尼族彝族自治州',530000,'2'),(532501,'个旧市',532500,'3'),(532502,'开远市',532500,'3'),(532503,'蒙自市',532500,'3'),(532504,'弥勒市',532500,'3'),(532523,'屏边苗族自治县',532500,'3'),(532524,'建水县',532500,'3'),(532525,'石屏县',532500,'3'),(532527,'泸西县',532500,'3'),(532528,'元阳县',532500,'3'),(532529,'红河县',532500,'3'),(532530,'金平苗族瑶族傣族自治县',532500,'3'),(532531,'绿春县',532500,'3'),(532532,'河口瑶族自治县',532500,'3'),(532600,'文山壮族苗族自治州',530000,'2'),(532601,'文山市',532600,'3'),(532622,'砚山县',532600,'3'),(532623,'西畴县',532600,'3'),(532624,'麻栗坡县',532600,'3'),(532625,'马关县',532600,'3'),(532626,'丘北县',532600,'3'),(532627,'广南县',532600,'3'),(532628,'富宁县',532600,'3'),(532800,'西双版纳傣族自治州',530000,'2'),(532801,'景洪市',532800,'3'),(532822,'勐海县',532800,'3'),(532823,'勐腊县',532800,'3'),(532900,'大理白族自治州',530000,'2'),(532901,'大理市',532900,'3'),(532922,'漾濞彝族自治县',532900,'3'),(532923,'祥云县',532900,'3'),(532924,'宾川县',532900,'3'),(532925,'弥渡县',532900,'3'),(532926,'南涧彝族自治县',532900,'3'),(532927,'巍山彝族回族自治县',532900,'3'),(532928,'永平县',532900,'3'),(532929,'云龙县',532900,'3'),(532930,'洱源县',532900,'3'),(532931,'剑川县',532900,'3'),(532932,'鹤庆县',532900,'3'),(533100,'德宏傣族景颇族自治州',530000,'2'),(533102,'瑞丽市',533100,'3'),(533103,'芒市',533100,'3'),(533122,'梁河县',533100,'3'),(533123,'盈江县',533100,'3'),(533124,'陇川县',533100,'3'),(533300,'怒江傈僳族自治州',530000,'2'),(533321,'泸水县',533300,'3'),(533323,'福贡县',533300,'3'),(533324,'贡山独龙族怒族自治县',533300,'3'),(533325,'兰坪白族普米族自治县',533300,'3'),(533400,'迪庆藏族自治州',530000,'2'),(533401,'香格里拉市',533400,'3'),(533422,'德钦县',533400,'3'),(533423,'维西傈僳族自治县',533400,'3'),(540000,'西藏自治区',NULL,'1'),(540100,'拉萨市',540000,'2'),(540102,'城关区',540100,'3'),(540121,'林周县',540100,'3'),(540122,'当雄县',540100,'3'),(540123,'尼木县',540100,'3'),(540124,'曲水县',540100,'3'),(540125,'堆龙德庆县',540100,'3'),(540126,'达孜县',540100,'3'),(540127,'墨竹工卡县',540100,'3'),(540200,'日喀则市',540000,'2'),(540202,'桑珠孜区',540200,'3'),(540221,'南木林县',540200,'3'),(540222,'江孜县',540200,'3'),(540223,'定日县',540200,'3'),(540224,'萨迦县',540200,'3'),(540225,'拉孜县',540200,'3'),(540226,'昂仁县',540200,'3'),(540227,'谢通门县',540200,'3'),(540228,'白朗县',540200,'3'),(540229,'仁布县',540200,'3'),(540230,'康马县',540200,'3'),(540231,'定结县',540200,'3'),(540232,'仲巴县',540200,'3'),(540233,'亚东县',540200,'3'),(540234,'吉隆县',540200,'3'),(540235,'聂拉木县',540200,'3'),(540236,'萨嘎县',540200,'3'),(540237,'岗巴县',540200,'3'),(540300,'昌都市',540000,'2'),(540302,'卡若区',540300,'3'),(540321,'江达县',540300,'3'),(540322,'贡觉县',540300,'3'),(540323,'类乌齐县',540300,'3'),(540324,'丁青县',540300,'3'),(540325,'察雅县',540300,'3'),(540326,'八宿县',540300,'3'),(540327,'左贡县',540300,'3'),(540328,'芒康县',540300,'3'),(540329,'洛隆县',540300,'3'),(540330,'边坝县',540300,'3'),(542200,'山南地区',540000,'2'),(542221,'乃东县',542200,'3'),(542222,'扎囊县',542200,'3'),(542223,'贡嘎县',542200,'3'),(542224,'桑日县',542200,'3'),(542225,'琼结县',542200,'3'),(542226,'曲松县',542200,'3'),(542227,'措美县',542200,'3'),(542228,'洛扎县',542200,'3'),(542229,'加查县',542200,'3'),(542231,'隆子县',542200,'3'),(542232,'错那县',542200,'3'),(542233,'浪卡子县',542200,'3'),(542400,'那曲地区',540000,'2'),(542421,'那曲县',542400,'3'),(542422,'嘉黎县',542400,'3'),(542423,'比如县',542400,'3'),(542424,'聂荣县',542400,'3'),(542425,'安多县',542400,'3'),(542426,'申扎县',542400,'3'),(542427,'索县',542400,'3'),(542428,'班戈县',542400,'3'),(542429,'巴青县',542400,'3'),(542430,'尼玛县',542400,'3'),(542431,'双湖县',542400,'3'),(542500,'阿里地区',540000,'2'),(542521,'普兰县',542500,'3'),(542522,'札达县',542500,'3'),(542523,'噶尔县',542500,'3'),(542524,'日土县',542500,'3'),(542525,'革吉县',542500,'3'),(542526,'改则县',542500,'3'),(542527,'措勤县',542500,'3'),(542600,'林芝市',540000,'2'),(542621,'巴宜区',542600,'3'),(542622,'工布江达县',542600,'3'),(542623,'米林县',542600,'3'),(542624,'墨脱县',542600,'3'),(542625,'波密县',542600,'3'),(542626,'察隅县',542600,'3'),(542627,'朗县',542600,'3'),(610000,'陕西省',NULL,'1'),(610100,'西安市',610000,'2'),(610102,'新城区',610100,'3'),(610103,'碑林区',610100,'3'),(610104,'莲湖区',610100,'3'),(610111,'灞桥区',610100,'3'),(610112,'未央区',610100,'3'),(610113,'雁塔区',610100,'3'),(610114,'阎良区',610100,'3'),(610115,'临潼区',610100,'3'),(610116,'长安区',610100,'3'),(610117,'高陵区',610100,'3'),(610122,'蓝田县',610100,'3'),(610124,'周至县',610100,'3'),(610125,'户县',610100,'3'),(610200,'铜川市',610000,'2'),(610202,'王益区',610200,'3'),(610203,'印台区',610200,'3'),(610204,'耀州区',610200,'3'),(610222,'宜君县',610200,'3'),(610300,'宝鸡市',610000,'2'),(610302,'渭滨区',610300,'3'),(610303,'金台区',610300,'3'),(610304,'陈仓区',610300,'3'),(610322,'凤翔县',610300,'3'),(610323,'岐山县',610300,'3'),(610324,'扶风县',610300,'3'),(610326,'眉县',610300,'3'),(610327,'陇县',610300,'3'),(610328,'千阳县',610300,'3'),(610329,'麟游县',610300,'3'),(610330,'凤县',610300,'3'),(610331,'太白县',610300,'3'),(610400,'咸阳市',610000,'2'),(610402,'秦都区',610400,'3'),(610403,'杨陵区',610400,'3'),(610404,'渭城区',610400,'3'),(610422,'三原县',610400,'3'),(610423,'泾阳县',610400,'3'),(610424,'乾县',610400,'3'),(610425,'礼泉县',610400,'3'),(610426,'永寿县',610400,'3'),(610427,'彬县',610400,'3'),(610428,'长武县',610400,'3'),(610429,'旬邑县',610400,'3'),(610430,'淳化县',610400,'3'),(610431,'武功县',610400,'3'),(610481,'兴平市',610400,'3'),(610500,'渭南市',610000,'2'),(610502,'临渭区',610500,'3'),(610521,'华县',610500,'3'),(610522,'潼关县',610500,'3'),(610523,'大荔县',610500,'3'),(610524,'合阳县',610500,'3'),(610525,'澄城县',610500,'3'),(610526,'蒲城县',610500,'3'),(610527,'白水县',610500,'3'),(610528,'富平县',610500,'3'),(610581,'韩城市',610500,'3'),(610582,'华阴市',610500,'3'),(610600,'延安市',610000,'2'),(610602,'宝塔区',610600,'3'),(610621,'延长县',610600,'3'),(610622,'延川县',610600,'3'),(610623,'子长县',610600,'3'),(610624,'安塞县',610600,'3'),(610625,'志丹县',610600,'3'),(610626,'吴起县',610600,'3'),(610627,'甘泉县',610600,'3'),(610628,'富县',610600,'3'),(610629,'洛川县',610600,'3'),(610630,'宜川县',610600,'3'),(610631,'黄龙县',610600,'3'),(610632,'黄陵县',610600,'3'),(610700,'汉中市',610000,'2'),(610702,'汉台区',610700,'3'),(610721,'南郑县',610700,'3'),(610722,'城固县',610700,'3'),(610723,'洋县',610700,'3'),(610724,'西乡县',610700,'3'),(610725,'勉县',610700,'3'),(610726,'宁强县',610700,'3'),(610727,'略阳县',610700,'3'),(610728,'镇巴县',610700,'3'),(610729,'留坝县',610700,'3'),(610730,'佛坪县',610700,'3'),(610800,'榆林市',610000,'2'),(610802,'榆阳区',610800,'3'),(610821,'神木县',610800,'3'),(610822,'府谷县',610800,'3'),(610823,'横山县',610800,'3'),(610824,'靖边县',610800,'3'),(610825,'定边县',610800,'3'),(610826,'绥德县',610800,'3'),(610827,'米脂县',610800,'3'),(610828,'佳县',610800,'3'),(610829,'吴堡县',610800,'3'),(610830,'清涧县',610800,'3'),(610831,'子洲县',610800,'3'),(610900,'安康市',610000,'2'),(610902,'汉滨区',610900,'3'),(610921,'汉阴县',610900,'3'),(610922,'石泉县',610900,'3'),(610923,'宁陕县',610900,'3'),(610924,'紫阳县',610900,'3'),(610925,'岚皋县',610900,'3'),(610926,'平利县',610900,'3'),(610927,'镇坪县',610900,'3'),(610928,'旬阳县',610900,'3'),(610929,'白河县',610900,'3'),(611000,'商洛市',610000,'2'),(611002,'商州区',611000,'3'),(611021,'洛南县',611000,'3'),(611022,'丹凤县',611000,'3'),(611023,'商南县',611000,'3'),(611024,'山阳县',611000,'3'),(611025,'镇安县',611000,'3'),(611026,'柞水县',611000,'3'),(620000,'甘肃省',NULL,'1'),(620100,'兰州市',620000,'2'),(620102,'城关区',620100,'3'),(620103,'七里河区',620100,'3'),(620104,'西固区',620100,'3'),(620105,'安宁区',620100,'3'),(620111,'红古区',620100,'3'),(620121,'永登县',620100,'3'),(620122,'皋兰县',620100,'3'),(620123,'榆中县',620100,'3'),(620200,'嘉峪关市',620000,'2'),(620300,'金昌市',620000,'2'),(620302,'金川区',620300,'3'),(620321,'永昌县',620300,'3'),(620400,'白银市',620000,'2'),(620402,'白银区',620400,'3'),(620403,'平川区',620400,'3'),(620421,'靖远县',620400,'3'),(620422,'会宁县',620400,'3'),(620423,'景泰县',620400,'3'),(620500,'天水市',620000,'2'),(620502,'秦州区',620500,'3'),(620503,'麦积区',620500,'3'),(620521,'清水县',620500,'3'),(620522,'秦安县',620500,'3'),(620523,'甘谷县',620500,'3'),(620524,'武山县',620500,'3'),(620525,'张家川回族自治县',620500,'3'),(620600,'武威市',620000,'2'),(620602,'凉州区',620600,'3'),(620621,'民勤县',620600,'3'),(620622,'古浪县',620600,'3'),(620623,'天祝藏族自治县',620600,'3'),(620700,'张掖市',620000,'2'),(620702,'甘州区',620700,'3'),(620721,'肃南裕固族自治县',620700,'3'),(620722,'民乐县',620700,'3'),(620723,'临泽县',620700,'3'),(620724,'高台县',620700,'3'),(620725,'山丹县',620700,'3'),(620800,'平凉市',620000,'2'),(620802,'崆峒区',620800,'3'),(620821,'泾川县',620800,'3'),(620822,'灵台县',620800,'3'),(620823,'崇信县',620800,'3'),(620824,'华亭县',620800,'3'),(620825,'庄浪县',620800,'3'),(620826,'静宁县',620800,'3'),(620900,'酒泉市',620000,'2'),(620902,'肃州区',620900,'3'),(620921,'金塔县',620900,'3'),(620922,'瓜州县',620900,'3'),(620923,'肃北蒙古族自治县',620900,'3'),(620924,'阿克塞哈萨克族自治县',620900,'3'),(620981,'玉门市',620900,'3'),(620982,'敦煌市',620900,'3'),(621000,'庆阳市',620000,'2'),(621002,'西峰区',621000,'3'),(621021,'庆城县',621000,'3'),(621022,'环县',621000,'3'),(621023,'华池县',621000,'3'),(621024,'合水县',621000,'3'),(621025,'正宁县',621000,'3'),(621026,'宁县',621000,'3'),(621027,'镇原县',621000,'3'),(621100,'定西市',620000,'2'),(621102,'安定区',621100,'3'),(621121,'通渭县',621100,'3'),(621122,'陇西县',621100,'3'),(621123,'渭源县',621100,'3'),(621124,'临洮县',621100,'3'),(621125,'漳县',621100,'3'),(621126,'岷县',621100,'3'),(621200,'陇南市',620000,'2'),(621202,'武都区',621200,'3'),(621221,'成县',621200,'3'),(621222,'文县',621200,'3'),(621223,'宕昌县',621200,'3'),(621224,'康县',621200,'3'),(621225,'西和县',621200,'3'),(621226,'礼县',621200,'3'),(621227,'徽县',621200,'3'),(621228,'两当县',621200,'3'),(622900,'临夏回族自治州',620000,'2'),(622901,'临夏市',622900,'3'),(622921,'临夏县',622900,'3'),(622922,'康乐县',622900,'3'),(622923,'永靖县',622900,'3'),(622924,'广河县',622900,'3'),(622925,'和政县',622900,'3'),(622926,'东乡族自治县',622900,'3'),(622927,'积石山保安族东乡族撒拉族自治县',622900,'3'),(623000,'甘南藏族自治州',620000,'2'),(623001,'合作市',623000,'3'),(623021,'临潭县',623000,'3'),(623022,'卓尼县',623000,'3'),(623023,'舟曲县',623000,'3'),(623024,'迭部县',623000,'3'),(623025,'玛曲县',623000,'3'),(623026,'碌曲县',623000,'3'),(623027,'夏河县',623000,'3'),(630000,'青海省',NULL,'1'),(630100,'西宁市',630000,'2'),(630102,'城东区',630100,'3'),(630103,'城中区',630100,'3'),(630104,'城西区',630100,'3'),(630105,'城北区',630100,'3'),(630121,'大通回族土族自治县',630100,'3'),(630122,'湟中县',630100,'3'),(630123,'湟源县',630100,'3'),(630200,'海东市',630000,'2'),(630202,'乐都区',630200,'3'),(630203,'平安区',630200,'3'),(630222,'民和回族土族自治县',630200,'3'),(630223,'互助土族自治县',630200,'3'),(630224,'化隆回族自治县',630200,'3'),(630225,'循化撒拉族自治县',630200,'3'),(632200,'海北藏族自治州',630000,'2'),(632221,'门源回族自治县',632200,'3'),(632222,'祁连县',632200,'3'),(632223,'海晏县',632200,'3'),(632224,'刚察县',632200,'3'),(632300,'黄南藏族自治州',630000,'2'),(632321,'同仁县',632300,'3'),(632322,'尖扎县',632300,'3'),(632323,'泽库县',632300,'3'),(632324,'河南蒙古族自治县',632300,'3'),(632500,'海南藏族自治州',630000,'2'),(632521,'共和县',632500,'3'),(632522,'同德县',632500,'3'),(632523,'贵德县',632500,'3'),(632524,'兴海县',632500,'3'),(632525,'贵南县',632500,'3'),(632600,'果洛藏族自治州',630000,'2'),(632621,'玛沁县',632600,'3'),(632622,'班玛县',632600,'3'),(632623,'甘德县',632600,'3'),(632624,'达日县',632600,'3'),(632625,'久治县',632600,'3'),(632626,'玛多县',632600,'3'),(632700,'玉树藏族自治州',630000,'2'),(632701,'玉树市',632700,'3'),(632722,'杂多县',632700,'3'),(632723,'称多县',632700,'3'),(632724,'治多县',632700,'3'),(632725,'囊谦县',632700,'3'),(632726,'曲麻莱县',632700,'3'),(632800,'海西蒙古族藏族自治州',630000,'2'),(632801,'格尔木市',632800,'3'),(632802,'德令哈市',632800,'3'),(632821,'乌兰县',632800,'3'),(632822,'都兰县',632800,'3'),(632823,'天峻县',632800,'3'),(632825,'海西蒙古族藏族自治州直辖',632800,'3'),(640000,'宁夏回族自治区',NULL,'1'),(640100,'银川市',640000,'2'),(640104,'兴庆区',640100,'3'),(640105,'西夏区',640100,'3'),(640106,'金凤区',640100,'3'),(640121,'永宁县',640100,'3'),(640122,'贺兰县',640100,'3'),(640181,'灵武市',640100,'3'),(640200,'石嘴山市',640000,'2'),(640202,'大武口区',640200,'3'),(640205,'惠农区',640200,'3'),(640221,'平罗县',640200,'3'),(640300,'吴忠市',640000,'2'),(640302,'利通区',640300,'3'),(640303,'红寺堡区',640300,'3'),(640323,'盐池县',640300,'3'),(640324,'同心县',640300,'3'),(640381,'青铜峡市',640300,'3'),(640400,'固原市',640000,'2'),(640402,'原州区',640400,'3'),(640422,'西吉县',640400,'3'),(640423,'隆德县',640400,'3'),(640424,'泾源县',640400,'3'),(640425,'彭阳县',640400,'3'),(640500,'中卫市',640000,'2'),(640502,'沙坡头区',640500,'3'),(640521,'中宁县',640500,'3'),(640522,'海原县',640500,'3'),(650000,'新疆维吾尔自治区',NULL,'1'),(650100,'乌鲁木齐市',650000,'2'),(650102,'天山区',650100,'3'),(650103,'沙依巴克区',650100,'3'),(650104,'新市区',650100,'3'),(650105,'水磨沟区',650100,'3'),(650106,'头屯河区',650100,'3'),(650107,'达坂城区',650100,'3'),(650109,'米东区',650100,'3'),(650121,'乌鲁木齐县',650100,'3'),(650200,'克拉玛依市',650000,'2'),(650202,'独山子区',650200,'3'),(650203,'克拉玛依区',650200,'3'),(650204,'白碱滩区',650200,'3'),(650205,'乌尔禾区',650200,'3'),(652100,'吐鲁番市',650000,'2'),(652101,'高昌区',652100,'3'),(652122,'鄯善县',652100,'3'),(652123,'托克逊县',652100,'3'),(652200,'哈密地区',650000,'2'),(652201,'哈密市',652200,'3'),(652222,'巴里坤哈萨克自治县',652200,'3'),(652223,'伊吾县',652200,'3'),(652300,'昌吉回族自治州',650000,'2'),(652301,'昌吉市',652300,'3'),(652302,'阜康市',652300,'3'),(652323,'呼图壁县',652300,'3'),(652324,'玛纳斯县',652300,'3'),(652325,'奇台县',652300,'3'),(652327,'吉木萨尔县',652300,'3'),(652328,'木垒哈萨克自治县',652300,'3'),(652700,'博尔塔拉蒙古自治州',650000,'2'),(652701,'博乐市',652700,'3'),(652702,'阿拉山口市',652700,'3'),(652722,'精河县',652700,'3'),(652723,'温泉县',652700,'3'),(652800,'巴音郭楞蒙古自治州',650000,'2'),(652801,'库尔勒市',652800,'3'),(652822,'轮台县',652800,'3'),(652823,'尉犁县',652800,'3'),(652824,'若羌县',652800,'3'),(652825,'且末县',652800,'3'),(652826,'焉耆回族自治县',652800,'3'),(652827,'和静县',652800,'3'),(652828,'和硕县',652800,'3'),(652829,'博湖县',652800,'3'),(652900,'阿克苏地区',650000,'2'),(652901,'阿克苏市',652900,'3'),(652922,'温宿县',652900,'3'),(652923,'库车县',652900,'3'),(652924,'沙雅县',652900,'3'),(652925,'新和县',652900,'3'),(652926,'拜城县',652900,'3'),(652927,'乌什县',652900,'3'),(652928,'阿瓦提县',652900,'3'),(652929,'柯坪县',652900,'3'),(653000,'克孜勒苏柯尔克孜自治州',650000,'2'),(653001,'阿图什市',653000,'3'),(653022,'阿克陶县',653000,'3'),(653023,'阿合奇县',653000,'3'),(653024,'乌恰县',653000,'3'),(653100,'喀什地区',650000,'2'),(653101,'喀什市',653100,'3'),(653121,'疏附县',653100,'3'),(653122,'疏勒县',653100,'3'),(653123,'英吉沙县',653100,'3'),(653124,'泽普县',653100,'3'),(653125,'莎车县',653100,'3'),(653126,'叶城县',653100,'3'),(653127,'麦盖提县',653100,'3'),(653128,'岳普湖县',653100,'3'),(653129,'伽师县',653100,'3'),(653130,'巴楚县',653100,'3'),(653131,'塔什库尔干塔吉克自治县',653100,'3'),(653200,'和田地区',650000,'2'),(653201,'和田市',653200,'3'),(653221,'和田县',653200,'3'),(653222,'墨玉县',653200,'3'),(653223,'皮山县',653200,'3'),(653224,'洛浦县',653200,'3'),(653225,'策勒县',653200,'3'),(653226,'于田县',653200,'3'),(653227,'民丰县',653200,'3'),(654000,'伊犁哈萨克自治州',650000,'2'),(654002,'伊宁市',654000,'3'),(654003,'奎屯市',654000,'3'),(654004,'霍尔果斯市',654000,'3'),(654021,'伊宁县',654000,'3'),(654022,'察布查尔锡伯自治县',654000,'3'),(654023,'霍城县',654000,'3'),(654024,'巩留县',654000,'3'),(654025,'新源县',654000,'3'),(654026,'昭苏县',654000,'3'),(654027,'特克斯县',654000,'3'),(654028,'尼勒克县',654000,'3'),(654200,'塔城地区',650000,'2'),(654201,'塔城市',654200,'3'),(654202,'乌苏市',654200,'3'),(654221,'额敏县',654200,'3'),(654223,'沙湾县',654200,'3'),(654224,'托里县',654200,'3'),(654225,'裕民县',654200,'3'),(654226,'和布克赛尔蒙古自治县',654200,'3'),(654300,'阿勒泰地区',650000,'2'),(654301,'阿勒泰市',654300,'3'),(654321,'布尔津县',654300,'3'),(654322,'富蕴县',654300,'3'),(654323,'福海县',654300,'3'),(654324,'哈巴河县',654300,'3'),(654325,'青河县',654300,'3'),(654326,'吉木乃县',654300,'3'),(659001,'石河子市',650000,'2'),(659002,'阿拉尔市',650000,'2'),(659003,'图木舒克市',650000,'2'),(659004,'五家渠市',650000,'2'),(659005,'北屯市',650000,'2'),(659006,'铁门关市',650000,'2'),(659007,'双河市',650000,'2'),(659008,'可克达拉市',650000,'2');
/*!40000 ALTER TABLE `district` ENABLE KEYS */;
UNLOCK TABLES;

--
-- Table structure for table `menu`
--

DROP TABLE IF EXISTS `menu`;
/*!40101 SET @saved_cs_client     = @@character_set_client */;
/*!40101 SET character_set_client = utf8 */;
CREATE TABLE `menu` (
  `id` varchar(50) NOT NULL COMMENT '菜单id',
  `name` varchar(200) NOT NULL COMMENT '菜单名称',
  `plat_id` varchar(50) DEFAULT NULL COMMENT '所属平台',
  `parent_id` varchar(50) DEFAULT NULL COMMENT '父菜单id',
  `router` varchar(300) DEFAULT NULL COMMENT '菜单路由（页面跳转地址）',
  `image` varchar(500) DEFAULT NULL COMMENT '菜单图标',
  `is_leaf` char(1) DEFAULT NULL COMMENT '是否是叶子节点（1：是，0：否）',
  `is_deleted` char(1) DEFAULT '0' COMMENT '是否删除（1：是，0：否）',
  `create_time` datetime DEFAULT CURRENT_TIMESTAMP COMMENT '创建时间',
  `update_time` datetime DEFAULT NULL COMMENT '修改时间',
  `sort_number` smallint(6) DEFAULT NULL COMMENT '排序字段',
  `is_show` char(1) DEFAULT '1' COMMENT '是否显示（1：是，0：否）',
  PRIMARY KEY (`id`),
  KEY `IXFK_menu_plat` (`plat_id`),
  KEY `IXFK_menu_menu` (`parent_id`),
  CONSTRAINT `FK_menu_plat` FOREIGN KEY (`plat_id`) REFERENCES `plat` (`id`) ON DELETE NO ACTION ON UPDATE NO ACTION
) ENGINE=InnoDB DEFAULT CHARSET=utf8 COMMENT='菜单表';
/*!40101 SET character_set_client = @saved_cs_client */;

--
-- Dumping data for table `menu`
--

LOCK TABLES `menu` WRITE;
/*!40000 ALTER TABLE `menu` DISABLE KEYS */;
INSERT INTO `menu` VALUES ('0630939b345645349e58dda5bc591756','通用管理','5bcae4a6036f43709877191f3bcb4283','5bcae4a6036f43709877191f3bcb4283','/','el-icon-setting','','0','2018-09-27 10:05:06','2019-07-18 15:00:23',2,'1'),('06e4e0b5d09c4ccfa68491cfb14c0a68','设置头像','5bcae4a6036f43709877191f3bcb4283','bf84046c25684852afcb95c3c6d1dfcf','/avater','','','0','2018-11-28 11:15:31','2018-11-28 11:16:48',10,'1'),('0c5ab9cc4d5f4d9d8d688dacf8ec9b68','数据类型','5bcae4a6036f43709877191f3bcb4283','469e3635a2ba462083da97a1fa8efb81','/dictionary/type','','','0','2018-09-30 09:46:41','2018-09-30 09:47:04',10,'1'),('14b83e344db1470badb08b4d6c19842d','内容管理','5bcae4a6036f43709877191f3bcb4283','5bcae4a6036f43709877191f3bcb4283','/','el-icon-tickets','','0','2019-07-19 23:38:26','2019-07-19 23:41:11',16,'1'),('18f5a38372d2418bab2aa2e14f126a17','角色管理','5bcae4a6036f43709877191f3bcb4283','a1d06d13339443a380f72717c349e35f','/role','','','0','2018-09-27 14:46:50','2018-10-05 08:35:30',10,'1'),('1dcb1e996690430080a0d57f3ac914bb','默认菜单','c6124b229ba04562b79e96eec43f3a59','93b29981cc664fb49290145c514749d8','/','','','0','2018-10-02 08:51:57','2018-10-02 08:51:57',10,'1'),('3089c3af0d7047a28f4a1d9afeaee138','测试根菜单1','c6124b229ba04562b79e96eec43f3a59','c6124b229ba04562b79e96eec43f3a59','/','','','0','2018-09-29 10:15:21','2018-09-29 10:15:54',10,'1'),('3d6209c96948489cbe788956eeddf22a','资讯管理','5bcae4a6036f43709877191f3bcb4283','14b83e344db1470badb08b4d6c19842d','/information','','','0','2019-07-19 23:38:57','2019-07-19 23:42:40',10,'1'),('469e3635a2ba462083da97a1fa8efb81','数据字典','5bcae4a6036f43709877191f3bcb4283','5bcae4a6036f43709877191f3bcb4283','/','el-icon-mobile-phone','','0','2018-09-30 09:46:26','2019-07-18 15:03:35',4,'1'),('4911ed10fd1344408e1a41100427eff4','测试根菜单2','c6124b229ba04562b79e96eec43f3a59','c6124b229ba04562b79e96eec43f3a59','/','','','0','2018-09-29 10:15:40','2018-09-29 10:15:50',10,'1'),('4ac97afeee0c403fb4740aa52b8bdd6a','数据项目','5bcae4a6036f43709877191f3bcb4283','469e3635a2ba462083da97a1fa8efb81','/dictionary/item','','','0','2018-09-30 09:46:50','2018-10-05 08:43:50',10,'1'),('53b564e38c244aa5a004487b4c9cb7fa','操作管理','5bcae4a6036f43709877191f3bcb4283','0630939b345645349e58dda5bc591756','/operation','','','0','2018-09-27 10:08:40','2018-10-05 08:35:54',10,'1'),('5a7cc8d284724e318dcc29498097d74c','测试 权限菜单','5bcae4a6036f43709877191f3bcb4283','5bcae4a6036f43709877191f3bcb4283','/','','','1','2018-10-03 18:08:24','2018-10-05 10:03:06',10,'1'),('735aaeb4fd9d4357aa7c00516d8494fb','标签管理','5bcae4a6036f43709877191f3bcb4283','e75d729dc4514eef80164a4fca1bbf13','/label','','','0','2019-07-25 13:27:04','2019-07-25 13:27:34',11,'1'),('7c37e4695392493397ea708fd83e3ffb','系统管理','5bcae4a6036f43709877191f3bcb4283','0630939b345645349e58dda5bc591756','/plat','','','0','2018-09-27 10:20:59','2018-10-08 13:21:30',10,'1'),('866a3b08911140faad7aa0cf70b91d57','栏目管理','5bcae4a6036f43709877191f3bcb4283','5bcae4a6036f43709877191f3bcb4283','/','el-icon-s-grid','','0','2019-07-18 14:33:24','2019-07-25 13:41:30',10,'1'),('93b29981cc664fb49290145c514749d8','测试根菜单2','c6124b229ba04562b79e96eec43f3a59','c6124b229ba04562b79e96eec43f3a59','/','','','0','2018-09-29 10:16:00','2018-10-02 09:16:00',11,'1'),('9d5ad958ab9143fa8de76fb3391c7839','ckeditor','5bcae4a6036f43709877191f3bcb4283','bf84046c25684852afcb95c3c6d1dfcf','/ckeditor','','','0','2018-11-13 18:58:54','2018-11-13 19:05:16',10,'1'),('a1d06d13339443a380f72717c349e35f','权限管理','5bcae4a6036f43709877191f3bcb4283','5bcae4a6036f43709877191f3bcb4283','/','el-icon-lock','','0','2018-09-27 11:12:42','2019-07-18 14:56:13',3,'1'),('b7ccd70bde18437eb5babf71b18f0a9f','菜单管理','5bcae4a6036f43709877191f3bcb4283','0630939b345645349e58dda5bc591756','/menu','','','0','2018-09-27 10:10:10','2018-10-05 08:35:45',10,'1'),('bf84046c25684852afcb95c3c6d1dfcf','用户管理','5bcae4a6036f43709877191f3bcb4283','5bcae4a6036f43709877191f3bcb4283','/','el-icon-user','','0','2018-09-27 09:59:43','2019-07-18 14:59:59',1,'1'),('c944aeacf6104bf5a57e41e8e033f83e','栏目管理','5bcae4a6036f43709877191f3bcb4283','866a3b08911140faad7aa0cf70b91d57','/catalog','','','0','2019-07-18 14:34:06','2019-07-18 14:34:19',10,'1'),('d4522d64580645eaa04f412fa1883105','权限管理','5bcae4a6036f43709877191f3bcb4283','a1d06d13339443a380f72717c349e35f','/authority','','','0','2018-09-27 14:46:59','2018-10-05 08:35:26',10,'1'),('d4ea43ed06c549119f543d05fed15b0a','标签组管理','5bcae4a6036f43709877191f3bcb4283','e75d729dc4514eef80164a4fca1bbf13','/label/group','','','0','2019-07-25 13:26:52','2019-07-25 13:27:28',10,'1'),('e36e59ddaebc4f8fbf277d46aeeed3bc','组织机构','5bcae4a6036f43709877191f3bcb4283','bf84046c25684852afcb95c3c6d1dfcf','/organization','','','0','2018-10-07 22:38:04','2018-10-08 11:31:53',10,'1'),('e75d729dc4514eef80164a4fca1bbf13','标签管理','5bcae4a6036f43709877191f3bcb4283','5bcae4a6036f43709877191f3bcb4283','/','el-icon-notebook-1','','0','2019-07-25 13:26:28','2019-07-25 13:40:52',17,'1'),('feff45e8254840588ac9802bca9509b9','用户信息','5bcae4a6036f43709877191f3bcb4283','bf84046c25684852afcb95c3c6d1dfcf','/user','','','0','2018-09-27 10:02:44','2018-10-05 08:36:01',10,'1');
/*!40000 ALTER TABLE `menu` ENABLE KEYS */;
UNLOCK TABLES;

--
-- Table structure for table `operation`
--

DROP TABLE IF EXISTS `operation`;
/*!40101 SET @saved_cs_client     = @@character_set_client */;
/*!40101 SET character_set_client = utf8 */;
CREATE TABLE `operation` (
  `id` varchar(50) NOT NULL,
  `menu_id` varchar(50) DEFAULT NULL COMMENT '菜单id',
  `name` varchar(200) NOT NULL,
  `type` varchar(10) DEFAULT NULL COMMENT '操作类型（1：查询，2：新增，3：修改，4：删除，5：设置，6：启用/禁用）',
  `create_time` datetime DEFAULT CURRENT_TIMESTAMP COMMENT '创建时间',
  `update_time` datetime DEFAULT NULL COMMENT '修改时间',
  `sort_number` smallint(6) DEFAULT NULL COMMENT '排序字段',
  PRIMARY KEY (`id`),
  KEY `IXFK_operation_menu` (`menu_id`),
  CONSTRAINT `FK_operation_menu` FOREIGN KEY (`menu_id`) REFERENCES `menu` (`id`) ON DELETE NO ACTION ON UPDATE NO ACTION
) ENGINE=InnoDB DEFAULT CHARSET=utf8 COMMENT='操作表（菜单页面所有科交互的操作）';
/*!40101 SET character_set_client = @saved_cs_client */;

--
-- Dumping data for table `operation`
--

LOCK TABLES `operation` WRITE;
/*!40000 ALTER TABLE `operation` DISABLE KEYS */;
INSERT INTO `operation` VALUES ('02653f238e80485f9cf21a13b2ec576b','feff45e8254840588ac9802bca9509b9','用户添加','ADD','2018-11-10 16:50:31','2018-11-10 16:51:10',13),('04b04c92d1c949719348677d8c820382','b7ccd70bde18437eb5babf71b18f0a9f','菜单修改','UPDATE','2018-09-30 15:55:44','2018-10-01 19:51:09',11),('069664a094d74be0bcf17da1b4babc24','b7ccd70bde18437eb5babf71b18f0a9f','菜单查询','SELECT','2018-09-30 15:56:15','2018-09-30 15:56:28',13),('0752fd9a455b4789a408616efa4eb561','735aaeb4fd9d4357aa7c00516d8494fb','标签删除','DELETE','2019-07-25 14:35:20','2019-07-25 14:36:21',13),('09928098cf4d4fbe89389dd5ea5a7658','d4522d64580645eaa04f412fa1883105','权限操作设置','SET','2018-10-04 00:56:22','2018-10-04 00:56:38',10),('0a75baf5f18d41ccb1ad613301e3ff8e','18f5a38372d2418bab2aa2e14f126a17','角色分页查询','ADD','2018-10-02 00:05:11','2019-07-20 23:38:26',9),('0b2f0a19d109424e87877fe3b0bdd260','d4ea43ed06c549119f543d05fed15b0a','标签组查询','SELECT','2019-07-25 14:34:03','2019-07-25 14:34:30',10),('0fb2d855c06c4b4abdbf0fb77c454910','feff45e8254840588ac9802bca9509b9','用户账号启停','STOP','2018-10-01 21:00:27','2018-10-01 21:01:55',10),('173e2bf700844bc3a147f40b1313e4fc','0c5ab9cc4d5f4d9d8d688dacf8ec9b68','数据类型删除','DELETE','2018-10-04 06:51:59','2018-10-04 06:52:15',10),('179334afc02c481ab95d496f9af51f1b','53b564e38c244aa5a004487b4c9cb7fa','操作删除','DELETE','2018-10-01 20:33:16','2018-10-01 20:34:54',10),('1954e9868cb04f5baa8e5a16dac0820c','d4ea43ed06c549119f543d05fed15b0a','标签组状态修改','STOP','2019-07-25 19:01:51','2019-07-25 19:02:10',15),('23648f5a833140c09ee96bc1de6a7fc1','5a7cc8d284724e318dcc29498097d74c','默认操作名称','','2018-10-04 08:59:02','2018-10-04 08:59:02',10),('2f34148e458a45ed920ce5b869806fcd','d4ea43ed06c549119f543d05fed15b0a','标签组修改','UPDATE','2019-07-25 14:33:57','2019-07-25 14:34:52',12),('350ce7ba50434f3db3be3b50634b5aa1','b7ccd70bde18437eb5babf71b18f0a9f','菜单删除','DELETE','2018-09-30 15:55:58','2018-09-30 15:56:11',12),('35d2ef72ea0542e78101a1ce9ffe658a','d4ea43ed06c549119f543d05fed15b0a','标签组删除','DELETE','2019-07-25 14:34:55','2019-07-25 14:35:10',13),('3c06beba7e1c4329b7baebae1102b5df','7c37e4695392493397ea708fd83e3ffb','系统启停','STOP','2018-10-01 20:21:33','2018-10-01 20:21:50',10),('442dc45016dd40e395e4374d6260c596','e36e59ddaebc4f8fbf277d46aeeed3bc','组织机构修改','UPDATE','2018-11-09 15:44:06','2018-11-09 15:44:26',12),('45f0a6a8e1634eb785f635e3ffcc4e40','53b564e38c244aa5a004487b4c9cb7fa','操作修改','UPDATE','2018-10-01 20:33:20','2018-10-01 20:34:40',10),('46bc6eef1d374de1ad8f75ffbc739512','735aaeb4fd9d4357aa7c00516d8494fb','标签状态修改','STOP','2019-07-25 19:58:49','2019-07-25 19:59:06',15),('4951c0436d794ea2adf038226e3f8024','c944aeacf6104bf5a57e41e8e033f83e','栏目删除','DELETE','2019-07-18 16:22:35','2019-07-18 16:22:45',3),('4c450aa8acf548cdac8c5fc8b4f8445f','7c37e4695392493397ea708fd83e3ffb','系统删除','DELETE','2018-10-01 19:52:53','2018-10-01 19:53:24',10),('4e5ad45c27f24c038d8753c42734068f','4ac97afeee0c403fb4740aa52b8bdd6a','数据项目修改','UPDATE','2018-10-05 06:10:02','2018-10-05 06:12:07',10),('50322106b39349498a4877c64fed5e55','9d5ad958ab9143fa8de76fb3391c7839','文件上传','UPLOAD','2018-11-14 13:43:28','2018-11-14 13:43:41',10),('5148bca16fc44e4caa4c7708aa799975','feff45e8254840588ac9802bca9509b9','用户修改','UPDATE','2018-11-10 16:50:51','2018-11-10 16:51:13',14),('5707571ae258420594adb225ad75455e','e36e59ddaebc4f8fbf277d46aeeed3bc','组织机构删除','DELETE','2018-11-09 15:44:31','2018-11-09 15:45:05',13),('6f818762568e4a9f8dda6e8fccbb3eed','d4522d64580645eaa04f412fa1883105','权限分页查询','SELECT','2018-10-02 00:04:19','2018-10-02 00:04:43',10),('6f837b80784540c58dbae85709818630','3d6209c96948489cbe788956eeddf22a','资讯修改','UPDATE','2019-07-21 22:25:24','2019-07-21 22:26:15',12),('72b7933ff56949a883a859c3c2303caa','c944aeacf6104bf5a57e41e8e033f83e','栏目添加','ADD','2019-07-18 16:21:55','2019-07-18 16:22:19',1),('7799b72ce0464645acf14624335e9799','c944aeacf6104bf5a57e41e8e033f83e','栏目修改','UPDATE','2019-07-18 16:22:22','2019-07-18 16:22:32',2),('7d890484af724a8386dca20d3877df11','18f5a38372d2418bab2aa2e14f126a17','角色删除','DELETE','2018-10-02 00:46:38','2019-07-20 23:38:10',12),('7f561b450d8b481880898cf5c9dcbc05','3d6209c96948489cbe788956eeddf22a','资讯删除','DELETE','2019-07-21 22:25:21','2019-07-21 22:26:29',13),('8092054c4c5c482c80a913acd3107cff','feff45e8254840588ac9802bca9509b9','用户角色设置','SET','2018-11-10 14:35:06','2018-11-10 14:35:29',12),('83f5f14c8e9744299182aaf82196212c','4ac97afeee0c403fb4740aa52b8bdd6a','数据项目添加','ADD','2018-10-05 06:10:05','2018-10-05 06:10:31',10),('8522d88bb2eb482cb53bfd6c5b7a320c','53b564e38c244aa5a004487b4c9cb7fa','操作添加','ADD','2018-10-01 20:33:25','2018-10-01 20:34:25',10),('85d0241f3428437d875a314ca43307ae','b7ccd70bde18437eb5babf71b18f0a9f','菜单添加','ADD','2018-09-30 15:55:29','2018-10-01 19:51:14',11),('8607815b98c64ab9bf52f907f61e646c','7c37e4695392493397ea708fd83e3ffb','系统查询','SELECT','2018-10-01 19:53:28','2018-10-01 19:53:40',10),('865b9d9fab994f99a9455d3b68f78a6c','0c5ab9cc4d5f4d9d8d688dacf8ec9b68','数据类型修改','UPDATE','2018-10-04 06:51:41','2018-10-04 06:51:55',10),('86c8ef88f6f14f48997655304576d07e','7c37e4695392493397ea708fd83e3ffb','系统添加','ADD','2018-10-01 19:52:12','2018-10-01 19:52:30',10),('8e5515ca2b014a6090af0a26ad18e175','d4522d64580645eaa04f412fa1883105','权限修改','UPDATE','2018-10-02 00:45:14','2018-10-02 00:45:25',10),('8ec0f63133f448a1b1943a8d3f00f854','feff45e8254840588ac9802bca9509b9','用户分页查询','SELECT','2018-10-01 20:54:15','2018-11-10 14:35:16',11),('9277765474594b1a9b9dc55bc55ed89a','3d6209c96948489cbe788956eeddf22a','资讯查询','SELECT','2019-07-21 22:25:29','2019-07-21 22:25:41',10),('9390aefb5c1e45c39f78ad2dbeae4f4e','735aaeb4fd9d4357aa7c00516d8494fb','标签修改','UPDATE','2019-07-25 14:35:23','2019-07-25 14:36:01',12),('9c526a8fc8c94920a3858a78c2494ac3','4ac97afeee0c403fb4740aa52b8bdd6a','分页查询','SELECT','2018-09-30 09:57:30','2018-09-30 09:57:30',10),('a05d026e28584fd89f60531153f5ef4e','0c5ab9cc4d5f4d9d8d688dacf8ec9b68','数据类型添加','ADD','2018-10-04 06:51:18','2018-10-04 06:51:37',10),('a0f45b70e0e449a29d84c27830dd31c7','4ac97afeee0c403fb4740aa52b8bdd6a','数据项目删除','DELETE','2018-10-05 06:10:00','2018-10-05 06:12:23',10),('aaada611c2294b078798ccb209295462','5a7cc8d284724e318dcc29498097d74c','测试操作','ADD','2018-10-03 18:08:55','2018-10-03 18:09:14',10),('abb41466a3e843f0a5cffb798bda4819','18f5a38372d2418bab2aa2e14f126a17','角色修改','UPDATE','2018-10-02 00:45:47','2019-07-20 23:38:00',11),('b36887dbb498464db3f3cb0c9fa6e268','d4522d64580645eaa04f412fa1883105','权限删除','DELETE','2018-10-02 00:45:29','2018-10-02 00:45:39',10),('b6b6ebba5bd947b1b39cc05901e5e1c9','3089c3af0d7047a28f4a1d9afeaee138','默认操作名称11111','UPDATE','2018-10-02 01:04:31','2018-10-02 01:04:47',10),('b9335765d2ee47ddb6cd8551cb5bd8ad','3d6209c96948489cbe788956eeddf22a','资讯添加','ADD','2019-07-21 22:25:27','2019-07-21 22:25:59',11),('bf9bcff3a5a94c28a654daa1cc690099','e36e59ddaebc4f8fbf277d46aeeed3bc','组织机构查询','SELECT','2018-11-09 14:52:47','2018-11-09 14:54:31',10),('caa7ceb6c27b4e85b15414dafd17b0ec','feff45e8254840588ac9802bca9509b9','用户删除','DELETE','2018-11-10 16:51:17','2018-11-10 16:51:28',15),('cca409f785284ff2829a7be3ed9c843e','53b564e38c244aa5a004487b4c9cb7fa','操作查询','SELECT','2018-10-01 20:41:12','2018-10-01 20:41:27',10),('cdbc4cd3527c4e98832825e218bd7296','735aaeb4fd9d4357aa7c00516d8494fb','标签查询','SELECT','2019-07-25 14:35:26','2019-07-25 14:35:42',10),('cfee656c7fcb4e4383bb1c21e20d144c','4ac97afeee0c403fb4740aa52b8bdd6a','数据项目状态设置','SET','2018-10-05 06:09:57','2018-10-05 06:12:53',10),('d6f25958f41a4663b97d96c2b11300c2','18f5a38372d2418bab2aa2e14f126a17','角色功能权限设置','SET','2018-10-04 10:37:27','2019-07-20 23:39:10',13),('da64e3e73e814aa7b0e37cf524724a3d','735aaeb4fd9d4357aa7c00516d8494fb','标签添加','ADD','2019-07-25 14:35:24','2019-07-25 14:36:10',11),('dd2c44dce56e401c807372811d2c7a8b','18f5a38372d2418bab2aa2e14f126a17','角色添加','ADD','2018-10-02 00:45:51','2018-10-02 00:46:20',10),('e3556c7f88754cb48f4a4b65e62ade08','feff45e8254840588ac9802bca9509b9','用户重置密码','RESET','2018-11-10 20:51:57','2018-11-10 20:52:32',16),('e7aff86e78064d5e8fff4c16804c12f8','d4ea43ed06c549119f543d05fed15b0a','标签组添加','ADD','2019-07-25 14:34:01','2019-07-25 14:34:43',11),('e822cfde9d08499387099234c8b9e0ce','d4522d64580645eaa04f412fa1883105','权限添加','ADD','2018-10-02 00:44:48','2018-10-02 00:45:10',10),('e8f7ea6e00014f89af26dbfa582b2735','0c5ab9cc4d5f4d9d8d688dacf8ec9b68','数据类型状态设置','SET','2018-10-04 08:53:48','2018-10-04 08:57:30',10),('f14c8b8b2bad401586522d3b5015f1e9','7c37e4695392493397ea708fd83e3ffb','系统修改','UPDATE','2018-10-01 19:52:34','2018-10-01 19:52:47',10),('f3c808cd7c494117aad134a64302b8b3','0c5ab9cc4d5f4d9d8d688dacf8ec9b68','数据类型分页查询','SELECT','2018-09-30 09:48:03','2018-10-04 07:23:31',10),('f814b0f309d84fb3832b20c7e1b61d30','e36e59ddaebc4f8fbf277d46aeeed3bc','组织机构添加','ADD','2018-11-09 15:43:39','2018-11-09 15:44:00',11),('f994a5734927425ba5aab8f82d8cf963','18f5a38372d2418bab2aa2e14f126a17','成员管理','STOP','2019-07-20 23:39:43','2019-07-20 23:40:55',14),('fa33113c0a4d46d9a61a724899339c05','c944aeacf6104bf5a57e41e8e033f83e','栏目查询','SELECT','2019-07-18 16:22:48','2019-07-18 16:22:58',4);
/*!40000 ALTER TABLE `operation` ENABLE KEYS */;
UNLOCK TABLES;

--
-- Table structure for table `organization`
--

DROP TABLE IF EXISTS `organization`;
/*!40101 SET @saved_cs_client     = @@character_set_client */;
/*!40101 SET character_set_client = utf8 */;
CREATE TABLE `organization` (
  `id` varchar(50) NOT NULL COMMENT '组织机构id',
  `name` varchar(200) DEFAULT NULL COMMENT '组织机构名称',
  `parent_id` varchar(50) DEFAULT NULL COMMENT '父节点id',
  `level` char(1) DEFAULT NULL COMMENT '组织结构目录深度',
  `is_leaf` char(1) DEFAULT NULL COMMENT '是否是叶子节点',
  `sort_number` smallint(6) DEFAULT NULL COMMENT '排序字段',
  `create_time` datetime DEFAULT NULL COMMENT '创建时间',
  `update_time` datetime DEFAULT NULL COMMENT '修改时间',
  `is_deleted` char(1) DEFAULT NULL COMMENT '是否删除（1：是，0：否）',
  PRIMARY KEY (`id`),
  KEY `IXFK_organization_organization` (`parent_id`)
) ENGINE=InnoDB DEFAULT CHARSET=utf8 COMMENT='组织机构';
/*!40101 SET character_set_client = @saved_cs_client */;

--
-- Dumping data for table `organization`
--

LOCK TABLES `organization` WRITE;
/*!40000 ALTER TABLE `organization` DISABLE KEYS */;
INSERT INTO `organization` VALUES ('0d6bed0a2a2c47aebdff65913094e25e','销售一部','11cf1c273de04481b994f5c489a98435','3','',10,'2019-07-10 16:56:14','2019-07-20 10:19:50','0'),('11cf1c273de04481b994f5c489a98435','销售部','9766261942e5456c9f0c6513d5643cd1','2','',10,'2019-07-10 16:56:13','2019-07-15 15:13:53','0'),('4e828f4a31a04e41957c03c10cdb49a6','总部','','0','',1,'2018-11-09 18:17:02','2019-07-15 15:13:25','0'),('61c2962c6abf487a89e73bc5bd47fb2b','客服公司','4e828f4a31a04e41957c03c10cdb49a6','1','',3,'2019-07-15 15:13:38','2019-07-15 15:13:43','0'),('7700e40a6f264d99a389f52f955eb87e','销售二部','11cf1c273de04481b994f5c489a98435','3','',10,'2019-07-15 15:14:03','2019-07-15 15:14:08','0'),('96e929d1438544cbbb91616a9c901abb','客服一部','f7ffc7d759084f06a5417c3767f80c5e','3','',10,'2019-07-15 15:14:22','2019-07-15 15:14:28','0'),('9766261942e5456c9f0c6513d5643cd1','销售公司','4e828f4a31a04e41957c03c10cdb49a6','1','',2,'2019-07-10 16:56:10','2019-07-15 15:13:34','0'),('e0a4db5ba6e648588108a4ea8c22ae24','客服二部','f7ffc7d759084f06a5417c3767f80c5e','3','',10,'2019-07-15 15:14:31','2019-07-15 15:14:36','0'),('f7ffc7d759084f06a5417c3767f80c5e','客服部','61c2962c6abf487a89e73bc5bd47fb2b','2','',10,'2019-07-15 15:14:14','2019-07-15 15:14:20','0');
/*!40000 ALTER TABLE `organization` ENABLE KEYS */;
UNLOCK TABLES;

--
-- Table structure for table `permission`
--

DROP TABLE IF EXISTS `permission`;
/*!40101 SET @saved_cs_client     = @@character_set_client */;
/*!40101 SET character_set_client = utf8 */;
CREATE TABLE `permission` (
  `id` varchar(50) NOT NULL,
  `name` varchar(200) NOT NULL,
  `url` varchar(300) NOT NULL COMMENT '访问许可地址（即：api url 地址）',
  `operation_id` varchar(50) NOT NULL COMMENT '所属操作',
  `create_time` datetime DEFAULT CURRENT_TIMESTAMP,
  `update_time` datetime DEFAULT NULL,
  `sort_number` smallint(6) DEFAULT NULL,
  PRIMARY KEY (`id`),
  KEY `IXFK_permission_operation` (`operation_id`),
  CONSTRAINT `FK_permission_operation` FOREIGN KEY (`operation_id`) REFERENCES `operation` (`id`) ON DELETE NO ACTION ON UPDATE NO ACTION
) ENGINE=InnoDB DEFAULT CHARSET=utf8 COMMENT='访问许可（可交互操作下的请求链接：可能存在一对多，一个操作请求多个 url 地址）';
/*!40101 SET character_set_client = @saved_cs_client */;

--
-- Dumping data for table `permission`
--

LOCK TABLES `permission` WRITE;
/*!40000 ALTER TABLE `permission` DISABLE KEYS */;
INSERT INTO `permission` VALUES ('00a5d99fcf7d44208fc637e78a80d52e','菜单添加','/menu/add','85d0241f3428437d875a314ca43307ae','2018-10-01 20:30:32','2018-10-01 20:30:58',10),('0643985c7f084ec9b8df9c6b0e8398a2','查询所有系统信息','/plat/list','e822cfde9d08499387099234c8b9e0ce','2018-10-03 13:27:27','2018-10-03 15:16:44',10),('073c603c028f4260afb53ad371e82337','角色修改','/role/update','abb41466a3e843f0a5cffb798bda4819','2018-10-02 11:42:27','2018-10-02 11:42:42',10),('0771a73e852a4b7199cb1e708cb1ac02','文件上传','/article/upload','50322106b39349498a4877c64fed5e55','2018-11-14 13:43:46','2018-11-14 13:43:59',10),('0adb6a7da653407a966748cc3b543cf5','根据系统id查询所有操作集合','/operation/list','e822cfde9d08499387099234c8b9e0ce','2018-10-03 13:27:25','2018-10-03 21:27:29',10),('0b0143e4f23d407590b20cb77f856144','权限删除','/authority/delete','b36887dbb498464db3f3cb0c9fa6e268','2018-10-02 00:49:43','2018-10-02 00:49:59',10),('0bd3e2ddcad44c20903f5f076065cb5a','标签组删除','/label/group/delete','35d2ef72ea0542e78101a1ce9ffe658a','2019-07-25 14:37:34','2019-07-25 14:37:52',10),('0fe0fda561344cf1bd56e15c935fc884','根据系统id查询权限列表','/authority/list','d6f25958f41a4663b97d96c2b11300c2','2018-10-04 10:37:46','2018-10-04 10:39:20',10),('1101b15c4a97452bb1b125bf14029cdb','权限添加','/authority/add','e822cfde9d08499387099234c8b9e0ce','2018-10-02 00:48:54','2018-10-02 00:49:11',10),('1131d493f1184e69a329a7de5252e74b','标签组状态修改','/label/group/set','1954e9868cb04f5baa8e5a16dac0820c','2019-07-25 19:02:15','2019-07-25 19:02:26',10),('125e9750d95446c4a3aadecaf81eaf6e','栏目删除','/catalog/delete','4951c0436d794ea2adf038226e3f8024','2019-07-18 16:24:23','2019-07-18 16:24:35',10),('130b56e3e8aa4074a67ca1829d362db7','数据项目添加','/dictionary/item/add','83f5f14c8e9744299182aaf82196212c','2018-10-05 06:11:14','2018-10-05 06:11:33',10),('16a826a32f894bdc8e332c50ef39e44a','根据系统id查询权限列表','/authority/list','dd2c44dce56e401c807372811d2c7a8b','2018-10-02 20:15:55','2018-10-04 10:42:13',10),('19db1d2224274c35881d2f2e153e10e4','标签组添加','/label/group/add','e7aff86e78064d5e8fff4c16804c12f8','2019-07-25 14:37:03','2019-07-25 14:37:17',10),('221e4d0a857d46198f74a648a07a71a1','标签组查询条件','/label/group/list','cdbc4cd3527c4e98832825e218bd7296','2019-07-26 00:06:31','2019-07-26 08:10:30',10),('223617bde2134eefb4867d37fa106283','角色权限添加','/role/authority/add','d6f25958f41a4663b97d96c2b11300c2','2018-10-04 11:13:41','2018-10-04 11:14:13',10),('23090ad5e30948d38d7de35f00ec5584','查询关联资讯','/association/list/information','b9335765d2ee47ddb6cd8551cb5bd8ad','2019-07-27 18:29:42','2019-07-27 18:30:34',13),('28c661b45e1c43d9b11fa8535af4e313','标签修改','/label/update','9390aefb5c1e45c39f78ad2dbeae4f4e','2019-07-25 14:38:19','2019-07-25 14:38:50',10),('296ce091375344f2ab218ff4321a6b53','子操作添加','/permission/add','85d0241f3428437d875a314ca43307ae','2018-10-01 20:44:15','2018-10-01 20:44:29',10),('29cce1e22248469dabae6ee036cce9cf','检测修改用户是否存在','/user/check/update/exist','5148bca16fc44e4caa4c7708aa799975','2018-11-10 18:26:44','2018-11-10 18:27:02',11),('2f4452e803c8483dacc64ce8449eed2f','查询资讯简单列表','/information/page/simple','b9335765d2ee47ddb6cd8551cb5bd8ad','2019-07-27 20:23:36','2019-07-27 20:24:05',15),('303fe5a95e6f454f8113e46ff6c9c600','系统删除','/plat/delete','4c450aa8acf548cdac8c5fc8b4f8445f','2018-10-01 20:00:25','2018-10-01 20:00:43',10),('32f576258a3e4325a67dfefcb8e5f40b','查询组织机构是否可以删除','/org/check/status','5707571ae258420594adb225ad75455e','2018-11-09 15:52:50','2018-11-09 15:53:13',10),('33fc7210ad654cc082ca639258066808','栏目图片上传','/catalog/upload','72b7933ff56949a883a859c3c2303caa','2019-07-19 13:26:45','2019-07-19 23:09:30',11),('34c90d685e2b42d5961977fa4671e5a3','子操作删除','/permission/delete','179334afc02c481ab95d496f9af51f1b','2018-10-01 20:43:39','2018-10-01 20:43:56',10),('352bf303896443138ca0fec7b468f91f','系统分页查询','/plat','8607815b98c64ab9bf52f907f61e646c','2018-10-01 19:53:47','2018-10-01 19:54:44',10),('38931b08180f434ab52c760812ac98b2','资讯删除','/information/delete','7f561b450d8b481880898cf5c9dcbc05','2019-07-21 22:27:37','2019-07-22 17:23:39',10),('38dc9e0f3bc94c988d86b8b5ec763504','查询所有系统信息','/plat/list','6f818762568e4a9f8dda6e8fccbb3eed','2018-10-03 15:16:48','2018-10-03 15:17:00',10),('3c67af72462e496eb38b2c0b7147cdc6','权限修改','/authority/update','8e5515ca2b014a6090af0a26ad18e175','2018-10-02 00:49:14','2018-10-02 00:49:39',10),('3ed8dfe15b764ed481bc3eb11d3477e5','检测添加用户是否存在','/user/check/exist','02653f238e80485f9cf21a13b2ec576b','2018-11-10 16:54:31','2018-11-10 16:54:57',11),('40eb11ed4b8d4c4e9613b7e60194ffb8','子操作修改','/permission/update','45f0a6a8e1634eb785f635e3ffcc4e40','2018-10-01 20:44:47','2018-10-01 20:44:59',10),('411ad4b028954219ae447407505cb9a3','检测角色名称是否存在','/role/check/update/exist','abb41466a3e843f0a5cffb798bda4819','2018-10-02 21:52:37','2018-10-02 21:52:59',10),('418506168b704663937d6f2cee05e5d5','权限分页查询','/authority','6f818762568e4a9f8dda6e8fccbb3eed','2018-10-02 00:04:46','2018-10-02 00:07:09',10),('43fc7475148449be9a0a2c730f7cf627','标签查询','/label','cdbc4cd3527c4e98832825e218bd7296','2019-07-25 14:37:57','2019-07-25 14:38:05',10),('4406b2808d3345c3a562f144147d81f0','数据类型状态设置','/dictionary/type/set','e8f7ea6e00014f89af26dbfa582b2735','2018-10-04 08:57:34','2018-10-04 08:58:02',10),('48ef6dc33a0e4694a35d0505ce4e7cb4','数据类型删除','/dictionary/type/delete','173e2bf700844bc3a147f40b1313e4fc','2018-10-04 06:52:57','2018-10-04 07:23:55',10),('49bf1b563521401aacde990a45e9861f','检测修改系统是否已经存在','/plat/check/update/exist','f14c8b8b2bad401586522d3b5015f1e9','2018-10-01 20:02:10','2018-10-01 20:02:35',10),('4c4627d28b10442689871e2eb53f0c51','标签组删除状态检测','/label/group/check/status','35d2ef72ea0542e78101a1ce9ffe658a','2019-07-25 22:31:03','2019-07-25 22:31:18',11),('4d8fbd0ec4b34d98bdc69103b524782c','栏目修改','/catalog/update','7799b72ce0464645acf14624335e9799','2019-07-18 16:24:06','2019-07-18 16:24:19',10),('53755869f15f43c188807180daf830bc','用户删除','/user/delete','caa7ceb6c27b4e85b15414dafd17b0ec','2018-11-10 16:52:04','2018-11-10 16:52:15',10),('545c9587f95b4da0bbb885531c83be17','操作删除','/operation/delete','179334afc02c481ab95d496f9af51f1b','2018-10-01 20:36:15','2018-10-01 20:36:37',10),('54c9df7cf5a74dc6ab8d4d2651655a8d','分页查询','/dictionary/item','9c526a8fc8c94920a3858a78c2494ac3','2018-09-30 09:57:37','2018-09-30 15:04:34',11),('56a2ac37d3404179b2ec773063b52c76','组织机构删除','/org/delete','5707571ae258420594adb225ad75455e','2018-11-09 15:46:05','2018-11-09 15:46:20',10),('59c6a46079a14c4e9f9c3dba40dbd30d','角色分页查询','/role','0a75baf5f18d41ccb1ad613301e3ff8e','2018-10-02 00:05:31','2018-10-02 00:14:20',10),('5c539cc025de41179e49701152ceb6b5','查询数据类型列表','/dictionary/type/list','9c526a8fc8c94920a3858a78c2494ac3','2018-10-05 08:19:50','2018-10-05 08:20:09',10),('5ed2ee70110e4a5188d6934c993253ba','检测角色名称是否存在','/role/check/exist','dd2c44dce56e401c807372811d2c7a8b','2018-10-02 22:03:39','2018-10-02 22:04:01',10),('6198361770a2470995638ca9ee0d7535','已设置员工查询','/user/page/right/set','f994a5734927425ba5aab8f82d8cf963','2019-07-20 23:41:39','2019-07-20 23:44:26',10),('692dc54634c4489e93a5aa1f0c9f0b60','系统启停','/plat/stop','3c06beba7e1c4329b7baebae1102b5df','2018-10-01 20:21:56','2018-10-01 20:22:10',10),('69477313d93d4af19c9c473caa5b8c9e','数据项目编码校验','/dictionary/item/check/exist','83f5f14c8e9744299182aaf82196212c','2018-10-05 06:14:23','2018-10-05 06:15:06',10),('6af29d3dd38b44f3aeb25fb870563b35','查询资讯简单列表','/information/page/simple','6f837b80784540c58dbae85709818630','2019-07-27 20:24:10','2019-07-27 20:24:34',16),('6bf198c6b191487a96aa537456d42273','栏目添加','/catalog/add','72b7933ff56949a883a859c3c2303caa','2019-07-18 16:23:46','2019-07-18 16:24:02',10),('6c4273214b6c4e1ea25a6e33d77b1d55','操作修改','/operation/update','45f0a6a8e1634eb785f635e3ffcc4e40','2018-10-01 20:35:44','2018-10-01 20:35:54',10),('6c98a53018064d9ca41a359926fe1175','检测标签名称是否存在','/label/check/exist','da64e3e73e814aa7b0e37cf524724a3d','2019-07-25 22:15:32','2019-07-25 22:15:55',11),('6d8bfe68e6b148e0a68731fd5ade1a67','用户添加','/user/add','02653f238e80485f9cf21a13b2ec576b','2018-11-10 16:51:38','2018-11-10 16:51:48',10),('6f288b88131947f4a5ef7f886a8f7456','检测系统是否已经存在','/plat/check/exist','86c8ef88f6f14f48997655304576d07e','2018-10-01 19:59:34','2018-10-01 19:59:49',10),('7048e2f80a724a849f9a1ebab8c8136d','用户修改','/user/update','5148bca16fc44e4caa4c7708aa799975','2018-11-10 16:51:52','2018-11-10 16:52:01',10),('707fccf07a6e4637aeda0797890f5bb3','组织机构查询','/org/list','bf9bcff3a5a94c28a654daa1cc690099','2018-11-09 14:53:21','2018-11-09 14:54:27',10),('71a67f76303b41ce960662f829115848','数据类型分页查询','/dictionary/type','f3c808cd7c494117aad134a64302b8b3','2018-09-30 09:51:22','2018-10-04 07:23:25',10),('738e7d81447e4251a7eeede9c8ccecd8','标签添加','/label/add','da64e3e73e814aa7b0e37cf524724a3d','2019-07-25 14:38:09','2019-07-25 14:38:41',10),('7554a00330cd4e52a570c79ab9dc7a91','默认子操作名称','-','b6b6ebba5bd947b1b39cc05901e5e1c9','2018-10-02 01:04:34','2018-10-02 01:04:34',10),('77edce56e3074ba3872b9a7ed06e5e47','根据系统id获取所有菜单','/menu/list','069664a094d74be0bcf17da1b4babc24','2018-10-01 20:40:09','2018-10-03 12:49:39',10),('78772186200e4e2bb30d5632e8d389dd','数据项目修改','/dictionary/item/update','4e5ad45c27f24c038d8753c42734068f','2018-10-05 06:11:37','2018-10-05 06:13:50',10),('79e76922fee74e748eab1c61206f69a5','封面图片上传','/information/upload','b9335765d2ee47ddb6cd8551cb5bd8ad','2019-07-24 16:04:38','2019-07-24 16:05:13',12),('7a85cdc8cb624da3a4420a5f35471b05','组织机构修改','/org/update','442dc45016dd40e395e4374d6260c596','2018-11-09 15:45:45','2018-11-09 15:45:59',10),('7cff01cc5cb2472aae5b2287a4005459','数据类型修改','/dictionary/type/update','865b9d9fab994f99a9455d3b68f78a6c','2018-10-04 06:53:26','2018-10-04 07:23:49',10),('7ddf4813ab0b4c4091ee172abe776e23','权限操作设置','/authority/set','09928098cf4d4fbe89389dd5ea5a7658','2018-10-04 03:26:55','2018-10-04 03:31:28',10),('806dc0c4e7f24eaeba763fe5b69ef777','数据类型删除校验','/dictionary/type/check/status','173e2bf700844bc3a147f40b1313e4fc','2018-10-04 10:14:49','2018-10-04 10:15:11',10),('82bd445a263e467eaf6b8494a9223b7d','用户账号启停','/user/stop','0fb2d855c06c4b4abdbf0fb77c454910','2018-10-01 21:01:27','2018-10-01 21:01:46',10),('830d980b54bf4213bcfc6e12781ad687','资讯查询','/information','9277765474594b1a9b9dc55bc55ed89a','2019-07-21 22:26:41','2019-07-22 17:13:18',10),('8365e712043a4d26b8195ceddaaf5a69','封面图片上传','/information/upload','6f837b80784540c58dbae85709818630','2019-07-24 16:05:25','2019-07-24 16:05:38',11),('838b15df9f2f423b8c050cb16750f8d3','数据类型编码校验','/dictionary/type/check/exist','a05d026e28584fd89f60531153f5ef4e','2018-10-04 11:12:15','2018-10-04 11:12:29',10),('84388d823b244975b24ffdb2d761ee4a','查询关联标签','/association/list/label','6f837b80784540c58dbae85709818630','2019-07-27 18:31:54','2019-07-29 00:29:02',15),('843c9169a6484511ade8f90c6d439d25','系统修改','/plat/update','f14c8b8b2bad401586522d3b5015f1e9','2018-10-01 20:01:30','2018-10-01 20:01:41',10),('84917a4d66e147f8b5489acf789c279e','菜单修改','/menu/update','04b04c92d1c949719348677d8c820382','2018-10-01 20:31:27','2018-10-01 20:31:39',10),('869275df777c401eb2e7f62ce3eb06d6','数据项目删除','/dictionary/item/delete','a0f45b70e0e449a29d84c27830dd31c7','2018-10-05 06:11:42','2018-10-05 06:14:01',10),('870fbe8c5bca4becb4bad4bd59949af2','资讯查询','/information/get','6f837b80784540c58dbae85709818630','2019-07-23 21:05:59','2019-07-24 16:05:24',12),('8b4e22418e3e4149bc341dd77f15c16f','查询当前账号已设置角色','/user/select/roles','8092054c4c5c482c80a913acd3107cff','2018-11-10 14:35:44','2018-11-10 15:17:30',11),('8c712939c8e24af0af858c48fbce73fd','标签状态修改','/label/set','46bc6eef1d374de1ad8f75ffbc739512','2019-07-25 19:59:10','2019-07-25 22:19:27',10),('90d2f03be24a40468421c2d15f41d6b6','根据角色id查询权限列表','/role/authority/list','d6f25958f41a4663b97d96c2b11300c2','2018-10-04 10:37:43','2018-10-04 10:39:47',10),('939d0eca748543cfa3d52d0f3997bb27','向角色中添加员工','/role/users/add','f994a5734927425ba5aab8f82d8cf963','2019-07-20 23:42:28','2019-07-21 16:55:50',12),('94521c2b52bf46908d189c9bac6d1b5e','用户角色设置','/user/add/roles','8092054c4c5c482c80a913acd3107cff','2018-11-10 14:35:33','2018-11-10 15:17:22',10),('9a0b98c127d94c1790e5e2220ac6aa31','栏目图片上传','/catalog/upload','7799b72ce0464645acf14624335e9799','2019-07-19 13:33:14','2019-07-19 23:09:26',11),('9d215feaa489470a8a5d7eaadf9b4808','查询所有平台所有角色','/plat/role/list','8ec0f63133f448a1b1943a8d3f00f854','2018-11-09 15:11:25','2018-11-10 15:17:08',11),('9f1b19a498234c7c87fff759cf30bab4','数据类型添加','/dictionary/type/add','a05d026e28584fd89f60531153f5ef4e','2018-10-04 06:53:44','2018-10-04 07:24:19',10),('a270e534705f4c75a8b08bf1a428b6a6','未设置员工查询','/user/page/left/unset','f994a5734927425ba5aab8f82d8cf963','2019-07-20 23:41:45','2019-07-20 23:44:38',11),('a3236227424e4e76a9c694fc7d6bc4ce','标签组修改','/label/group/update','2f34148e458a45ed920ce5b869806fcd','2019-07-25 14:37:19','2019-07-25 14:37:30',10),('a52c1a97c8d242afbd711cb10e3e9020','资讯修改','/information/update','6f837b80784540c58dbae85709818630','2019-07-21 22:27:14','2019-07-21 22:27:33',10),('aa8d17bef72b4b23824e686e218cf77a','从角色中删除员工','/role/users/delete','f994a5734927425ba5aab8f82d8cf963','2019-07-20 23:43:08','2019-07-21 16:55:55',14),('ab5297d9ec054898b07fa31135dfe5e8','查询关联标签','/association/list/label','b9335765d2ee47ddb6cd8551cb5bd8ad','2019-07-27 18:30:51','2019-07-29 00:28:54',14),('ad627d9b26424625a2ff9e356f85610d','标签组查询','/label/group','0b2f0a19d109424e87877fe3b0bdd260','2019-07-25 14:36:27','2019-07-25 14:36:42',10),('af0d8c770722429b90ed79cc482cec6e','系统添加','/plat/add','86c8ef88f6f14f48997655304576d07e','2018-10-01 19:58:46','2018-10-01 19:59:01',10),('afb2893812cb40f6b436488c6c7c2c9e','角色删除','/role/delete','7d890484af724a8386dca20d3877df11','2018-10-02 11:42:56','2018-10-02 11:43:13',10),('b9e401bd9b8248f4a231bfc894173543','标签删除','/label/delete','0752fd9a455b4789a408616efa4eb561','2019-07-25 14:38:28','2019-07-25 14:38:58',10),('bd5fb50a4e25482487a61f400b1f01b7','根据系统id获取操作和许可列表','/permission/list','cca409f785284ff2829a7be3ed9c843e','2018-10-01 20:41:37','2018-10-03 12:26:35',10),('c57d4db097de47bfbd397828f769f629','用户重置密码','/user/reset/password','e3556c7f88754cb48f4a4b65e62ade08','2018-11-10 20:52:38','2018-11-10 20:52:51',10),('c6bfba112954412491c9759160312f73','检测标签名称是否存在','/label/check/exist','9390aefb5c1e45c39f78ad2dbeae4f4e','2019-07-25 22:16:01','2019-07-25 22:16:20',11),('c896e0dc65ad4233807f69864b6e6d7d','操作添加','/operation/add','8522d88bb2eb482cb53bfd6c5b7a320c','2018-10-01 20:35:16','2018-10-01 20:35:26',10),('c95f3c139d204e839dfe10d7bb6c603f','查询数据类型列表','/dictionary/type/list','83f5f14c8e9744299182aaf82196212c','2018-10-05 07:58:00','2018-10-05 07:58:27',10),('cd46151430924e608460d1d39887f0ca','系统列表查询','/plat/list','069664a094d74be0bcf17da1b4babc24','2018-10-01 20:39:15','2018-10-01 20:39:36',10),('ce9ec446857b4ea3b47ec2eeeb60508f','检测标签组名称是否存在','/label/group/check/exist','2f34148e458a45ed920ce5b869806fcd','2019-07-25 20:59:26','2019-07-25 20:59:35',11),('cf37f62d57f44b92ab8ae14d26995446','根据权限id获取所有选中菜单操作id','/authority/granted/ids','09928098cf4d4fbe89389dd5ea5a7658','2018-10-04 00:57:14','2018-10-04 03:32:41',10),('d94c44e1f2354331bbfefd8019235f48','根据系统id查询所有操作集合','/operation/list','09928098cf4d4fbe89389dd5ea5a7658','2018-10-04 00:56:42','2018-10-04 00:56:58',10),('dc115e3bec164dffb80529b3b8fc3c65','数据项目状态设置','/dictionary/item/set','cfee656c7fcb4e4383bb1c21e20d144c','2018-10-05 06:11:45','2018-10-05 06:13:14',10),('dc7a287e9e8f44edb1b839fe13a1f6f2','用户分页查询','/user','8ec0f63133f448a1b1943a8d3f00f854','2018-10-01 20:59:53','2018-10-01 21:00:08',10),('e3ca4cb9272b478596164d7b3cf41446','数据项目查询','/dictionary/item/list','9c526a8fc8c94920a3858a78c2494ac3','2018-09-30 10:46:18','2018-09-30 15:08:47',9),('e94c26df0c9343afb703bd29c733937a','组织机构添加','/org/add','f814b0f309d84fb3832b20c7e1b61d30','2018-11-09 15:45:22','2018-11-09 15:45:38',10),('ec7eafd0dc0f4e2094e872d7ac65e4ab','检测标签组名称是否存在','/label/group/check/exist','e7aff86e78064d5e8fff4c16804c12f8','2019-07-25 20:58:55','2019-07-25 20:59:20',11),('ee177cef9c39484a973ff81aee2bcf4b','角色添加','/role/add','dd2c44dce56e401c807372811d2c7a8b','2018-10-02 11:42:01','2018-10-02 11:42:21',10),('eef1f31ea989486496f66544059014ce','查询关联资讯','/association/list/information','6f837b80784540c58dbae85709818630','2019-07-27 18:31:22','2019-07-27 18:31:50',14),('f1745c902f3a49e995cb4d4296e4b163','根据菜单id获取操作列表','/operation/granted/list','aaada611c2294b078798ccb209295462','2018-10-03 18:09:18','2018-10-03 18:10:11',10),('f1b0191b8e3546bda0c32445765d3e5e','标签删除状态检测','/label/check/status','0752fd9a455b4789a408616efa4eb561','2019-07-25 22:31:25','2019-07-25 22:31:41',11),('f4c2f54f7667452eb3f00f9eb4206179','菜单删除','/menu/delete','350ce7ba50434f3db3be3b50634b5aa1','2018-10-01 20:32:04','2018-10-01 20:32:14',10),('f4f08a8b51d946ffa5385b4189205f17','资讯添加','/information/add','b9335765d2ee47ddb6cd8551cb5bd8ad','2019-07-21 22:26:56','2019-07-21 22:27:11',10),('fcd4f1b5a70d4e15aae78e6cdfb08958','栏目查询','/catalog/list','fa33113c0a4d46d9a61a724899339c05','2019-07-18 16:24:40','2019-07-18 16:34:14',10);
/*!40000 ALTER TABLE `permission` ENABLE KEYS */;
UNLOCK TABLES;

--
-- Table structure for table `plat`
--

DROP TABLE IF EXISTS `plat`;
/*!40101 SET @saved_cs_client     = @@character_set_client */;
/*!40101 SET character_set_client = utf8 */;
CREATE TABLE `plat` (
  `id` varchar(50) NOT NULL COMMENT '平台id',
  `name` varchar(200) NOT NULL COMMENT '平台名称',
  `description` varchar(500) DEFAULT NULL COMMENT '平台描述',
  `url` varchar(300) DEFAULT NULL COMMENT '平台url地址',
  `image` varchar(500) DEFAULT NULL COMMENT '平台图片',
  `version` varchar(50) DEFAULT NULL COMMENT '平台版本',
  `create_time` datetime DEFAULT CURRENT_TIMESTAMP COMMENT '创建时间',
  `update_time` datetime DEFAULT NULL COMMENT '修改时间',
  `sort_number` smallint(6) DEFAULT NULL COMMENT '排序字段',
  `is_deleted` char(1) DEFAULT '0' COMMENT '是否删除（1：是，0：否）',
  `is_enabled` char(1) DEFAULT '1' COMMENT '是否启用（1：是，0：否）',
  PRIMARY KEY (`id`)
) ENGINE=InnoDB DEFAULT CHARSET=utf8;
/*!40101 SET character_set_client = @saved_cs_client */;

--
-- Dumping data for table `plat`
--

LOCK TABLES `plat` WRITE;
/*!40000 ALTER TABLE `plat` DISABLE KEYS */;
INSERT INTO `plat` VALUES ('2a2948c844584bd090be73a499e793bf','2222222','2222','2',NULL,'2','2019-07-20 10:35:09','2019-07-20 10:35:09',10,'0','0'),('2f93486ffd6f422ba0256e957b9a79fd','3434','3','434',NULL,'3434','2018-10-05 08:38:19','2018-11-10 14:43:45',10,'1','0'),('5bcae4a6036f43709877191f3bcb4283','权限管理系统','权限管理系统','http://www.baidu.com','','v1.0.0','2018-09-21 11:07:42','2018-10-05 08:53:27',1,'0','1'),('c6124b229ba04562b79e96eec43f3a59','测试系统名称','22','2',NULL,'2','2018-09-21 11:08:40','2018-10-03 15:10:38',1,'0','1');
/*!40000 ALTER TABLE `plat` ENABLE KEYS */;
UNLOCK TABLES;

--
-- Table structure for table `role`
--

DROP TABLE IF EXISTS `role`;
/*!40101 SET @saved_cs_client     = @@character_set_client */;
/*!40101 SET character_set_client = utf8 */;
CREATE TABLE `role` (
  `id` varchar(50) NOT NULL COMMENT '角色id',
  `plat_id` varchar(50) DEFAULT NULL COMMENT '所属平台',
  `name` varchar(200) NOT NULL COMMENT '角色名称',
  `description` varchar(500) DEFAULT NULL COMMENT '角色描述',
  `create_time` datetime DEFAULT CURRENT_TIMESTAMP COMMENT '创建时间',
  `update_time` datetime DEFAULT NULL COMMENT '修改时间',
  `sort_number` smallint(6) DEFAULT NULL COMMENT '排序字段',
  PRIMARY KEY (`id`),
  KEY `IXFK_role_plat` (`plat_id`),
  CONSTRAINT `FK_role_plat` FOREIGN KEY (`plat_id`) REFERENCES `plat` (`id`) ON DELETE NO ACTION ON UPDATE NO ACTION
) ENGINE=InnoDB DEFAULT CHARSET=utf8 COMMENT='角色表';
/*!40101 SET character_set_client = @saved_cs_client */;

--
-- Dumping data for table `role`
--

LOCK TABLES `role` WRITE;
/*!40000 ALTER TABLE `role` DISABLE KEYS */;
INSERT INTO `role` VALUES ('1','5bcae4a6036f43709877191f3bcb4283','超级管理员','超级管理员','2018-09-02 14:47:47','2018-10-05 05:17:22',12),('e7fe456772d241099b34ada93b4f66f4','5bcae4a6036f43709877191f3bcb4283','test','test11','2018-10-02 22:04:17','2018-10-03 13:10:06',10),('eb75dd12435b48379fe5a2ea95f40cb9','c6124b229ba04562b79e96eec43f3a59','test','test','2018-10-03 18:19:19','2018-10-04 00:06:38',10),('fe1c1c70aa2b4f6cbdde486cd78af8d9','5bcae4a6036f43709877191f3bcb4283','权限系统角色','权限系统角色','2018-10-03 19:13:04','2018-11-09 15:21:30',10);
/*!40000 ALTER TABLE `role` ENABLE KEYS */;
UNLOCK TABLES;

--
-- Table structure for table `role_authority`
--

DROP TABLE IF EXISTS `role_authority`;
/*!40101 SET @saved_cs_client     = @@character_set_client */;
/*!40101 SET character_set_client = utf8 */;
CREATE TABLE `role_authority` (
  `role_id` varchar(50) DEFAULT NULL,
  `authority_id` varchar(50) DEFAULT NULL,
  UNIQUE KEY `UNI_ROLE_AUTHORITY` (`role_id`,`authority_id`),
  KEY `IXFK_role_authority_authority` (`authority_id`),
  KEY `IXFK_role_authority_role` (`role_id`),
  CONSTRAINT `FK_role_authority_authority` FOREIGN KEY (`authority_id`) REFERENCES `authority` (`id`) ON DELETE NO ACTION ON UPDATE NO ACTION,
  CONSTRAINT `FK_role_authority_role` FOREIGN KEY (`role_id`) REFERENCES `role` (`id`) ON DELETE NO ACTION ON UPDATE NO ACTION
) ENGINE=InnoDB DEFAULT CHARSET=utf8 COMMENT='角色权限表';
/*!40101 SET character_set_client = @saved_cs_client */;

--
-- Dumping data for table `role_authority`
--

LOCK TABLES `role_authority` WRITE;
/*!40000 ALTER TABLE `role_authority` DISABLE KEYS */;
INSERT INTO `role_authority` VALUES ('1','8d8d3fc89b6443eb83eb01d3581e72e1'),('eb75dd12435b48379fe5a2ea95f40cb9','685aae4af6f34606a5c826b19f18d25e'),('fe1c1c70aa2b4f6cbdde486cd78af8d9','1'),('fe1c1c70aa2b4f6cbdde486cd78af8d9','1eccecf88d304aa3a93b329efca4ba4b');
/*!40000 ALTER TABLE `role_authority` ENABLE KEYS */;
UNLOCK TABLES;

--
-- Table structure for table `staff_info`
--

DROP TABLE IF EXISTS `staff_info`;
/*!40101 SET @saved_cs_client     = @@character_set_client */;
/*!40101 SET character_set_client = utf8 */;
CREATE TABLE `staff_info` (
  `id` varchar(50) NOT NULL COMMENT '员工id',
  `name` varchar(100) DEFAULT NULL COMMENT '员工姓名',
  `organization_id` varchar(50) DEFAULT NULL COMMENT '所属组织机构',
  `organization_name` varchar(100) DEFAULT NULL COMMENT '所属组织机构名称',
  `create_time` datetime DEFAULT NULL COMMENT '创建时间',
  `update_time` datetime DEFAULT NULL COMMENT '修改时间',
  `is_enabled` char(1) DEFAULT NULL COMMENT '是否启用（1：启用，0：未启用）',
  PRIMARY KEY (`id`)
) ENGINE=InnoDB DEFAULT CHARSET=utf8 COMMENT='员工信息表（主要存储登录用户关联的员工信息)';
/*!40101 SET character_set_client = @saved_cs_client */;

--
-- Dumping data for table `staff_info`
--

LOCK TABLES `staff_info` WRITE;
/*!40000 ALTER TABLE `staff_info` DISABLE KEYS */;
INSERT INTO `staff_info` VALUES ('1',NULL,'4e828f4a31a04e41957c03c10cdb49a6',NULL,NULL,NULL,NULL),('2',NULL,'4e828f4a31a04e41957c03c10cdb49a6',NULL,NULL,NULL,NULL),('3',NULL,'4e828f4a31a04e41957c03c10cdb49a6',NULL,NULL,NULL,NULL),('95c5aacb355346d8ac33fc12b2cdd894','测试',NULL,NULL,'2019-07-20 21:11:02','2019-07-20 21:11:02','1');
/*!40000 ALTER TABLE `staff_info` ENABLE KEYS */;
UNLOCK TABLES;

--
-- Table structure for table `user`
--

DROP TABLE IF EXISTS `user`;
/*!40101 SET @saved_cs_client     = @@character_set_client */;
/*!40101 SET character_set_client = utf8 */;
CREATE TABLE `user` (
  `id` varchar(50) NOT NULL,
  `name` varchar(50) NOT NULL COMMENT '用户账号（登录',
  `password` varchar(50) NOT NULL COMMENT '用户密码',
  `nick_name` varchar(50) DEFAULT NULL COMMENT '用户昵称',
  `staff_id` varchar(50) DEFAULT NULL COMMENT '员工id',
  `create_time` datetime DEFAULT CURRENT_TIMESTAMP COMMENT '创建时间',
  `update_time` datetime DEFAULT NULL COMMENT '修改时间',
  `is_enabled` char(1) DEFAULT '1' COMMENT '是否启用（1：是，0：否）',
  `is_deleted` char(1) DEFAULT '0' COMMENT '是否删除（1：是，0：否）',
  PRIMARY KEY (`id`),
  UNIQUE KEY `UNI_USER_NAME` (`name`)
) ENGINE=InnoDB DEFAULT CHARSET=utf8 COMMENT='用户表';
/*!40101 SET character_set_client = @saved_cs_client */;

--
-- Dumping data for table `user`
--

LOCK TABLES `user` WRITE;
/*!40000 ALTER TABLE `user` DISABLE KEYS */;
INSERT INTO `user` VALUES ('1','GrandKai','lueSGJZetyySpUndWjMBEg==','张亚男','1','2018-08-30 10:38:23','2018-11-10 14:30:55','1','0'),('13cebd5d446d463ebc18ed3b71848075','a123456','lueSGJZetyySpUndWjMBEg==','测试','95c5aacb355346d8ac33fc12b2cdd894','2019-07-20 21:11:02','2019-07-21 17:46:29','1','0'),('88ef37dcfc574421a41538e80dde9126','a111111','lueSGJZetyySpUndWjMBEg==','a111111',NULL,'2019-07-20 08:34:53','2019-07-20 08:34:53','1','0'),('ab0e8ed32eac475b94aa12ac2c881792','1','4QrcOUm6Wau+VuBX8g+IPg==','1','2','2018-11-10 18:35:51','2018-11-10 21:02:05','0','1'),('dc3b83f489b5443bbc35729ccd880057','test','4QrcOUm6Wau+VuBX8g+IPg==','test','3','2018-10-07 22:33:21','2019-07-25 09:33:55','1','0');
/*!40000 ALTER TABLE `user` ENABLE KEYS */;
UNLOCK TABLES;

--
-- Table structure for table `user_account`
--

DROP TABLE IF EXISTS `user_account`;
/*!40101 SET @saved_cs_client     = @@character_set_client */;
/*!40101 SET character_set_client = utf8 */;
CREATE TABLE `user_account` (
  `user_id` varchar(50) NOT NULL COMMENT '用户id',
  `pay_password` varchar(50) NOT NULL COMMENT '付款密码',
  PRIMARY KEY (`user_id`),
  KEY `IXFK_user_account_user` (`user_id`),
  CONSTRAINT `FK_user_account_user` FOREIGN KEY (`user_id`) REFERENCES `user` (`id`)
) ENGINE=InnoDB DEFAULT CHARSET=utf8 COMMENT='用户账号信息';
/*!40101 SET character_set_client = @saved_cs_client */;

--
-- Dumping data for table `user_account`
--

LOCK TABLES `user_account` WRITE;
/*!40000 ALTER TABLE `user_account` DISABLE KEYS */;
/*!40000 ALTER TABLE `user_account` ENABLE KEYS */;
UNLOCK TABLES;

--
-- Table structure for table `user_address`
--

DROP TABLE IF EXISTS `user_address`;
/*!40101 SET @saved_cs_client     = @@character_set_client */;
/*!40101 SET character_set_client = utf8 */;
CREATE TABLE `user_address` (
  `id` varchar(50) NOT NULL,
  `user_id` varchar(50) NOT NULL COMMENT '用户id',
  `recipient` varchar(50) DEFAULT NULL COMMENT '收件人姓名',
  `country` varchar(50) DEFAULT NULL COMMENT '国家',
  `province` varchar(50) DEFAULT NULL COMMENT '省',
  `city` varchar(50) DEFAULT NULL COMMENT '市',
  `district` varchar(50) DEFAULT NULL COMMENT '区',
  `address` varchar(300) DEFAULT NULL COMMENT '详细地址',
  `label` varchar(50) DEFAULT NULL COMMENT '标签（家，公司，学校等）',
  `is_default` char(1) DEFAULT NULL COMMENT '是否是默认收货地址（1：是，0：否）',
  PRIMARY KEY (`id`),
  KEY `IXFK_user_address_user` (`user_id`),
  CONSTRAINT `FK_user_address_user` FOREIGN KEY (`user_id`) REFERENCES `user` (`id`)
) ENGINE=InnoDB DEFAULT CHARSET=utf8 COMMENT='用户地址';
/*!40101 SET character_set_client = @saved_cs_client */;

--
-- Dumping data for table `user_address`
--

LOCK TABLES `user_address` WRITE;
/*!40000 ALTER TABLE `user_address` DISABLE KEYS */;
/*!40000 ALTER TABLE `user_address` ENABLE KEYS */;
UNLOCK TABLES;

--
-- Table structure for table `user_bank_card`
--

DROP TABLE IF EXISTS `user_bank_card`;
/*!40101 SET @saved_cs_client     = @@character_set_client */;
/*!40101 SET character_set_client = utf8 */;
CREATE TABLE `user_bank_card` (
  `id` varchar(50) NOT NULL,
  `user_id` varchar(50) NOT NULL,
  `account_name` varchar(50) DEFAULT NULL COMMENT '开户名',
  `bank_name` varchar(200) DEFAULT NULL COMMENT '银行名称',
  `bank_branch` varchar(200) DEFAULT NULL COMMENT '开户支行',
  `bank_no` varchar(50) DEFAULT NULL COMMENT '银行卡号',
  PRIMARY KEY (`id`),
  KEY `IXFK_user_bank_card_user` (`user_id`),
  CONSTRAINT `FK_user_bank_card_user` FOREIGN KEY (`user_id`) REFERENCES `user` (`id`)
) ENGINE=InnoDB DEFAULT CHARSET=utf8 COMMENT='用户银行卡信息';
/*!40101 SET character_set_client = @saved_cs_client */;

--
-- Dumping data for table `user_bank_card`
--

LOCK TABLES `user_bank_card` WRITE;
/*!40000 ALTER TABLE `user_bank_card` DISABLE KEYS */;
/*!40000 ALTER TABLE `user_bank_card` ENABLE KEYS */;
UNLOCK TABLES;

--
-- Table structure for table `user_profile`
--

DROP TABLE IF EXISTS `user_profile`;
/*!40101 SET @saved_cs_client     = @@character_set_client */;
/*!40101 SET character_set_client = utf8 */;
CREATE TABLE `user_profile` (
  `user_id` varchar(50) NOT NULL COMMENT '用户id',
  `real_name` varchar(50) DEFAULT NULL COMMENT '真实姓名',
  `mobile` varchar(30) DEFAULT NULL COMMENT '手机号',
  `id_card` varchar(50) DEFAULT NULL COMMENT '身份证号码',
  `gender` char(1) DEFAULT NULL COMMENT '性别（1：男，2：女）',
  `email` varchar(50) DEFAULT NULL COMMENT '邮箱',
  `photo` varchar(200) DEFAULT NULL COMMENT '个人头像',
  `qr_code` varchar(200) DEFAULT NULL COMMENT '二维码',
  `description` varchar(100) DEFAULT NULL COMMENT '个人描述',
  `birthdate` date DEFAULT NULL COMMENT '出生日期',
  `create_time` datetime DEFAULT NULL COMMENT '创建时间',
  `update_time` datetime DEFAULT NULL COMMENT '修改时间',
  PRIMARY KEY (`user_id`),
  KEY `IXFK_user_profile_user` (`user_id`),
  CONSTRAINT `FK_user_profile_user` FOREIGN KEY (`user_id`) REFERENCES `user` (`id`)
) ENGINE=InnoDB DEFAULT CHARSET=utf8 COMMENT='用户详细信息';
/*!40101 SET character_set_client = @saved_cs_client */;

--
-- Dumping data for table `user_profile`
--

LOCK TABLES `user_profile` WRITE;
/*!40000 ALTER TABLE `user_profile` DISABLE KEYS */;
/*!40000 ALTER TABLE `user_profile` ENABLE KEYS */;
UNLOCK TABLES;

--
-- Table structure for table `user_role`
--

DROP TABLE IF EXISTS `user_role`;
/*!40101 SET @saved_cs_client     = @@character_set_client */;
/*!40101 SET character_set_client = utf8 */;
CREATE TABLE `user_role` (
  `user_id` varchar(50) DEFAULT NULL COMMENT '用户id',
  `role_id` varchar(50) DEFAULT NULL COMMENT '角色id',
  UNIQUE KEY `UNI_USER_ROLE` (`user_id`,`role_id`),
  KEY `IXFK_user_role_role` (`role_id`),
  KEY `IXFK_user_role_user` (`role_id`),
  CONSTRAINT `FK_user_role_role` FOREIGN KEY (`role_id`) REFERENCES `role` (`id`) ON DELETE NO ACTION ON UPDATE NO ACTION,
  CONSTRAINT `FK_user_role_user` FOREIGN KEY (`user_id`) REFERENCES `user` (`id`)
) ENGINE=InnoDB DEFAULT CHARSET=utf8 COMMENT='用户角色表';
/*!40101 SET character_set_client = @saved_cs_client */;

--
-- Dumping data for table `user_role`
--

LOCK TABLES `user_role` WRITE;
/*!40000 ALTER TABLE `user_role` DISABLE KEYS */;
INSERT INTO `user_role` VALUES ('1','1'),('1','fe1c1c70aa2b4f6cbdde486cd78af8d9');
/*!40000 ALTER TABLE `user_role` ENABLE KEYS */;
UNLOCK TABLES;
/*!40103 SET TIME_ZONE=@OLD_TIME_ZONE */;

/*!40101 SET SQL_MODE=@OLD_SQL_MODE */;
/*!40014 SET FOREIGN_KEY_CHECKS=@OLD_FOREIGN_KEY_CHECKS */;
/*!40014 SET UNIQUE_CHECKS=@OLD_UNIQUE_CHECKS */;
/*!40101 SET CHARACTER_SET_CLIENT=@OLD_CHARACTER_SET_CLIENT */;
/*!40101 SET CHARACTER_SET_RESULTS=@OLD_CHARACTER_SET_RESULTS */;
/*!40101 SET COLLATION_CONNECTION=@OLD_COLLATION_CONNECTION */;
/*!40111 SET SQL_NOTES=@OLD_SQL_NOTES */;

-- Dump completed on 2019-07-29  1:57:56
